Question,Question Type (multiple-choice or multi-select),Answer Option 1,Answer Option 2,Answer Option 3,Answer Option 4,Answer Option 5,Answer Option 6,Answer Option 7,Answer Option 8,Answer Option 9,Answer Option 10,Answer Option 11,Answer Option 12,Answer Option 13,Answer Option 14,Answer Option 15,Correct Response,Explanation,Knowledge Area
Where can ServiceNow developers find vetted partner applications that include vendor support and quality assurance?,multiple-choice,The Developer Share on developer.servicenow.com,The ServiceNow Store on store.servicenow.com,The ServiceNow documentation site at docs.servicenow.com,The Plugins module within the ServiceNow instance,,,,,,,,,,,,2,"The ServiceNow Store at store.servicenow.com hosts partner applications that follow a vendor license agreement, include support, and are quality tested by ServiceNow before being published. See",Application Development
What is the system name of the table where custom application records are stored in ServiceNow?,multiple-choice,sys_scope,sys_app,sys_application,sys_custom_app,,,,,,,,,,,,2,"Custom application records are stored on the sys_app table (Custom Apps table). When you create an application in ServiceNow Studio, the application record is created on this table. See",Application Development
How does the ServiceNow Developer Share differ from the ServiceNow Store?,multiple-choice,Developer Share applications are pre-installed on all ServiceNow instances,Developer Share provides community-contributed content without guaranteed support or quality,Developer Share applications include vendor license agreements and dedicated support,Developer Share requires a paid enterprise subscription to access,,,,,,,,,,,,2,"The Developer Share at developer.servicenow.com is a community-driven repository where ServiceNow developers share applications and utilities for free, but unlike the ServiceNow Store, it does not come with any guarantee of support or quality. See",Application Development
"When creating a new custom application in ServiceNow Studio, which configurations are compulsory during the initial creation process?",multiple-choice,"Application name, user roles, and at least one data table","Application name, user roles, data tables, and navigation modules",Application name and user roles only,"Application name, scope, and an update set",,,,,,,,,,,,3,"When creating a custom application in ServiceNow Studio, only the Application Configurations (including the name and scope) and User Roles are compulsory. Tables, navigation records, and other elements are created as subsequent steps. See",Application Development
"A company wants to consolidate their employee laptop loan process into ServiceNow. Currently, employees send an email to IT, and someone manually tracks requests in a spreadsheet. The process follows a clear request-to-fulfillment workflow. Is this a good candidate for a ServiceNow custom application?",multiple-choice,"No, because equipment tracking involves unstructured data that doesn't fit a relational database","No, because loan management requires proprietary hardware-integration libraries","Yes, because it follows a request-fulfill pattern with structured data and a defined process flow","Yes, but only if implemented using Application Engine Studio instead of ServiceNow Studio",,,,,,,,,,,,3,"An equipment loan process that follows a request-fulfill pattern with structured data (requester, item, dates, status) is an ideal candidate for a ServiceNow custom application. The data maps well to a relational database, it follows a clear process flow, and it benefits from automation and reporting. See",Application Development
Which of the following are application development tools or environments available on the ServiceNow platform? (Select all that apply),multiple-choice,ServiceNow Studio,Flow Designer,Eclipse IDE with ServiceNow plugin,Application Engine Studio,,,,,,,,,,,,"1,2,4","ServiceNow Studio is the integrated development environment for pro-code application development. Application Engine Studio provides a guided, low-code environment for building applications. Flow Designer enables building automated workflows and processes. All three are native ServiceNow platform tools. See",Application Development
"In ServiceNow Studio, how are application development changes managed when external source control repository integration is not available?",multiple-choice,By automatically syncing to a built-in Git repository,By using update sets to track and manage changes,By exporting XML backup files after each save operation,By creating system clone snapshots at regular intervals,,,,,,,,,,,,2,"When ServiceNow Studio does not connect to an external source control repository, update sets are used to manage development changes. Update sets capture and group configuration changes, allowing them to be moved between instances. See",Application Development
A development team is evaluating several project ideas for custom ServiceNow applications. Which of the following scenarios would NOT be a good fit for a custom ServiceNow application? (Select all that apply),multiple-choice,A video streaming platform for distributing corporate training media content,A multi-player game application requiring a real-time graphics rendering engine,A facility maintenance request system where employees report issues and technicians resolve them,An application that depends on a proprietary code library with no available API,,,,,,,,,,,,"1,2,4","ServiceNow is not well suited for streaming media platforms (unstructured data), multi-player games requiring graphics engines, or applications dependent on proprietary libraries without APIs. These fall outside ServiceNow's core strengths as a business automation platform built on a relational database. See",Application Development
What prefix identifies a scoped application's namespace in ServiceNow?,multiple-choice,s_,x_,app_,sn_,,,,,,,,,,,,2,"All scoped application namespaces in ServiceNow begin with the prefix 'x_'. This is the definitive indicator that an application is a scoped application, followed by the company code and application name.",Application Development
Which statement about an application's scope in ServiceNow is correct?,multiple-choice,An application scope can be changed by a system administrator at any time,An application scope is never changeable once it has been set,An application scope can be updated during platform upgrades,An application scope can be modified through the sys_properties table,,,,,,,,,,,,2,"An application scope is immutable — once set, it cannot be changed. This is by design to prevent breaking dependencies and other applications that rely on the scope's namespace.",Application Development
What is a key benefit of developing applications in their own private scope rather than in the global scope?,multiple-choice,Scoped applications execute server-side scripts faster than global applications,Scoped applications provide a separate namespace that prevents unintended interactions between applications,Scoped applications automatically bypass access control rules for easier development,Scoped applications do not require update sets when being promoted between instances,,,,,,,,,,,,2,"A primary benefit of scoped applications is the separate namespace they provide. ServiceNow enforces this separation strictly, ensuring that one application's scripts and data cannot inadvertently affect another application.",Application Development
Which of the following are tenets of the scoped application philosophy in ServiceNow? (Select all that apply),multiple-choice,Applications should be self-contained,Applications should have unrestricted access to all platform data for maximum flexibility,An application should neither break other applications nor the platform itself,Applications should have clearly defined dependencies,,,,,,,,,,,,"1,3,4","The scoped application philosophy includes several key tenets: applications should be self-contained, they should not break other applications or the platform, they should be easily uninstalled, they should only access what they need (least privilege), and they should have clearly defined dependencies.",Application Development
"A developer at a company with the app creator company code 'acme' creates a new scoped application called 'Book Rooms.' Following ServiceNow naming conventions, what would the application's scope namespace most likely be?",multiple-choice,sn_acme_book_rooms,x_acme_book_rooms,global.acme.book_rooms,scope_acme_book_rooms,,,,,,,,,,,,2,"Scoped application namespaces follow the pattern x_[company_code]_[app_name] in snake_case. With the company code 'acme' and application name 'Book Rooms,' the namespace would be x_acme_book_rooms.",Application Development
Which system property stores the company code used as part of a scoped application's namespace?,multiple-choice,glide.app.scope.prefix,glide.appcreator.company.code,sn.scope.company.identifier,glide.namespace.company.name,,,,,,,,,,,,2,The system property glide.appcreator.company.code stores the company code that is used as the second component of a scoped application's namespace (after the x_ prefix). This is a maintained-only property unique to each instance stack.,Application Development
Which of the following accurately describe the distinction between application development and application deployment in ServiceNow? (Select all that apply),multiple-choice,Development focuses on storing and documenting incremental contributions to an application,Deployment involves moving a stable version of an application from one environment to another,Development and deployment are the same process managed entirely through a single update set,Deployment is concerned with promoting a solid version of the application through the instance stack,,,,,,,,,,,,"1,2,4","Application development and deployment are two separate processes. Development is about managing incremental contributions — storing and documenting changes. Deployment is about moving a stable, identified version of the application from one environment to another (e.g., from development to test to production).",Application Development
"A lead developer wants to grant specific team members access to develop components of a scoped application in ServiceNow Studio, without configuring complex group and role assignments. Which feature should the lead developer use?",multiple-choice,Application access controls,Delegated development,Update set permissions,Domain separation,,,,,,,,,,,,2,"Delegated development provides an easy way to add a roster of users to the development list of a scoped application. It simplifies granting development access and controlling what developers can modify, without needing to manage complex group and role configurations.",Application Development
"In the Automated Test Framework (ATF), what syntax is used to reference the output of previous test steps within subsequent steps?",multiple-choice,"Dollar sign curly brace syntax (e.g., ${variable_name})",Angular-like expression syntax,Jelly template tag syntax,GlideRecord dot-walk notation,,,,,,,,,,,,2,"ATF uses a syntax that resembles Angular expressions to reference the output of previous test steps. Unlike the dollar sign curly brace syntax commonly used elsewhere in ServiceNow (e.g., notifications, mail scripts), ATF steps use this distinct angular-like expression syntax to pass values dynamically between steps.",Application Development
"When developing a new scoped application, what is the recommended way to create an initial baseline of your application in an update set?",multiple-choice,Create a named update set before creating the scoped application,Use 'Publish to Update Set' after the application and initial table are created,Export all application records to an XML file,Clone the development instance to preserve the initial state,,,,,,,,,,,,2,The recommended approach is to use 'Publish to Update Set' after creating the application and its first table. This serves as an initial commit that captures everything created so far. Creating an update set before creating the application would not capture the app records because the app is created in a new application scope.,Application Development
"A developer creates a new update set and sets it as the current update set. They then create a new scoped application and its first table, but notice the update set contains no customer updates. What is the most likely explanation?",multiple-choice,The developer did not have the admin role required to track update set changes,"The application was created in a new scope, so the update set in the previous scope did not capture those records",Update sets do not track table creation records by default,The update set must be marked as complete before records appear in the customer updates list,,,,,,,,,,,,2,"When a new scoped application is created, it establishes a new application scope. The update set that was created before the application belongs to a different scope, so it does not capture the records created within the new application scope. This is why the recommended practice is to use 'Publish to Update Set' after creating the application rather than relying on a pre-existing update set.",Application Development
Which of the following are capabilities of the Automated Test Framework (ATF) in ServiceNow? (Select all that apply),multiple-choice,Pre-built test steps that can be configured without writing JavaScript,Automatic rollback of test data after test execution,Screenshots captured at each step during test execution,Automatic generation of test cases from application business rules,,,,,,,,,,,,"1,2,3","ATF provides pre-built test steps that can be used without JavaScript (though JavaScript can be added for enhancement), supports rolling back test data after execution to maintain a clean environment, and captures screenshots at each step during test runs. These capabilities make ATF a powerful tool for automating repetitive validation test cases.",Application Development
A development team is building a scoped application over a two-week sprint. They need to track incremental code changes during development and deploy a stable version to a test instance at the end of the sprint. Which approach aligns with ServiceNow best practices?,multiple-choice,Create a single update set for the entire sprint and publish to the application repository when development is finished,"Use named update sets organized by story or feature for incremental development, then publish to the application repository when a stable version is ready for testing",Publish to the application repository after each individual change to ensure no work is lost,Use 'Publish to Update Set' at the end of each day to create daily snapshots for deployment,,,,,,,,,,,,2,"Named update sets should be used as smaller chunks for managing incremental development, organized by story, sprint, or feature. Publishing to the application repository should happen when the application reaches a stable version that is viable for testing or deployment. This separates the concerns of managing development (update sets) from managing deployment (application repository).",Application Development
What must be enabled on a ServiceNow instance before Automated Test Framework (ATF) tests can be executed?,multiple-choice,The ATF Test Designer plugin,Test runners,The Test Management application,Scheduled job execution for the ATF scope,,,,,,,,,,,,2,"Test runners must be enabled (switched on) on the instance before ATF tests can be executed. Test runners are the components that actually carry out the automated test steps by interacting with the ServiceNow instance. Without active test runners, ATF tests cannot run.",Application Development
Which of the following are recommended practices when using update sets during scoped application development? (Select all that apply),multiple-choice,Use 'Publish to Update Set' after creating the application as an initial commit,"Create named update sets organized by story, sprint, or feature",Let a single update set run for the entire development cycle to capture all changes,"Mark update sets as complete at the end of each day, sprint, or completed story",,,,,,,,,,,,"1,2,4","Best practices for update set management include: using 'Publish to Update Set' as an initial commit after app creation, creating named update sets organized by meaningful development units (story, sprint, feature), and marking update sets as complete at logical boundaries (end of day, sprint, or story). This approach provides organized version control and clear change tracking throughout development.",Application Development
What type of record is captured by an update set in ServiceNow?,multiple-choice,Data records such as incidents or task entries,Configuration and customization records such as business rules,User login and session history records,Reporting and dashboard usage analytics,,,,,,,,,,,,2,"Update sets capture configuration and customization changes — records that define the behavior of an application, such as business rules, UI policies, and client scripts. Plain data records (e.g., incident records, custom table rows) are not tracked by update sets. See",Application Development
What is the recommended method for promoting a scoped application between instances within the same organizational stack?,multiple-choice,Publish to Update Set and export as XML,Publish to the ServiceNow Store,Publish to the Application Repository,Clone the source instance to the target instance,,,,,,,,,,,,3,"Publishing to the Application Repository is the recommended method for promoting applications between instances in the same organizational stack. It provides a secure, streamlined process for install, update, rollback, and uninstall operations. See",Application Development
A developer is working in the SatcheGobu application scope with an active named update set. They then create a brand new application called Red Panda Pandering using ServiceNow Studio. What happens to the developer's current update set?,multiple-choice,The active update set captures the new application creation along with all previous changes,The active update set is automatically deleted when a new application scope is created,"The developer's scope switches to the new application, and the previous update set does not capture the new application",The active update set is merged into the new application's default update set,,,,,,,,,,,,3,"When a new application is created, the developer's scope changes to the new application scope, and the original update set (belonging to the previous scope) does not capture the new application. Update sets are subservient to application scope — they belong to a specific scope and cannot capture changes outside of it. See",Application Development
Which of the following statements about the Publish to Update Set feature on an application record are true? (Select all that apply),multiple-choice,It only captures changes made since the last publish operation,It packages the entire application into a completed update set,It moves application file records into the sys_update_xml table,It automatically deploys the application to all connected instances,,,,,,,,,,,,"2,3",The Publish to Update Set related link takes all records from the application files related list and packages them into a completed update set stored in the sys_update_xml table. It captures the entire application — not just deltas since the last publish. See,Application Development
A developer needs to share a custom scoped application with a colleague who has a separate personal developer instance that is not part of the developer's organizational instance stack. Which deployment method should the developer use?,multiple-choice,Publish to the Application Repository,Publish to Update Set and export as XML,Use the Application Manager Install button on the colleague's instance,Publish to the ServiceNow Store,,,,,,,,,,,,2,When sharing an application outside of your organizational instance stack — such as to a personal developer instance or the developer share — Publish to Update Set and export as XML is the appropriate method. The XML file can be imported into any ServiceNow instance regardless of organizational affiliation. See,Application Development
Which of the following are true about the ServiceNow Application Repository? (Select all that apply),multiple-choice,Only instances sharing the same app creator company code can see available applications,It requires a vendor agreement with ServiceNow before applications can be published,"It makes it easier to update, rollback, and uninstall deployed applications compared to update sets",The Application Manager interface shows available and installed applications from the repository,,,,,,,,,,,,"1,3,4","The Application Repository restricts visibility based on the app creator company code, making it a secure internal distribution mechanism. It provides streamlined lifecycle management including update, rollback, and uninstall capabilities. The Application Manager is the interface for viewing and managing applications from the repository. See",Application Development
What is the relationship between update sets and application scope in ServiceNow?,multiple-choice,Update sets are the parent container that can hold multiple application scopes,Update sets and application scopes are independent and unrelated constructs,Update sets belong to an application scope and are subservient to it,Application scope is automatically determined by whichever update set is currently active,,,,,,,,,,,,3,"Update sets belong to application scopes and are subservient to them. Application scope is the larger container, and an application scope can contain multiple update sets. An update set in one scope cannot capture changes made in a different scope. See",Application Development
What happens when the Roles field on an Application Menu record is left empty in ServiceNow?,multiple-choice,Only administrators can see the application menu in the Application Navigator,The application menu is hidden from all users until a role is specified,All authenticated users can see the application menu in the Application Navigator,Only users with the itil role can see the application menu,,,,,,,,,,,,3,"When no role is listed in the Roles field of an Application Menu record, all authenticated users can see it. As the source states, 'if there's not a role listed in the Roles field, then everyone's invited to the party.' This is how the Self-Service application menu works — it has no role specified, so even self-service users with no roles can see it. See",Application Development
What is the default behavior when no access control rules (ACLs) exist for a table in ServiceNow?,multiple-choice,All authenticated users have full CRUD access to the table,Only users with the admin role can access the table,Access is denied by default,"Read access is granted to all users, but write access is denied",,,,,,,,,,,,3,"When no access control rules exist for a table, access is denied by default. As stated in the source, 'if there's not some means of governing the access, then access would be denied by default.' This is why it is critical to create ACLs when building custom tables. See",Application Development
What level of access does a table.none access control rule control in ServiceNow?,multiple-choice,Access to individual fields on the table,Row-level access to the table's records,Access to all fields not covered by other ACLs,Administrative access to modify the table schema,,,,,,,,,,,,2,"A table.none access control rule controls row-level access to the table. As explained in the source, 'those grant access at the row level. And you have to pass one of those in order to do anything on the table at all.' This is the foundational ACL — like a front door key — that must be passed before any field-level ACLs are evaluated. See",Application Development
Which statements are true about how roles work on Application Menu and Module records in ServiceNow? (Select all that apply),multiple-choice,"If multiple roles are listed on an Application Menu, the user must have all of them to see the menu","If a Module's Role field is left empty, the module is visible to anyone who can see the parent Application Menu","If multiple roles are listed on an Application Menu, the user needs only one of them to see the menu",Roles on Application Menu and Module records provide the same level of data security as access control rules,,,,,,,,,,,,"2,3","When multiple roles are listed on an Application Menu, the user only needs one of them — 'Think of it as like there being more than one key that opens the lock.' Additionally, when a Module's Role field is empty, it inherits visibility from the parent Application Menu — 'it means that as long as you can see the parent application menu, then so too can you see the module.' See",Application Development
A developer has a custom table with a table.none read ACL requiring the 'x_app_user' role. All internal fields are currently accessible to users with that role. The developer needs to restrict the 'confidential_notes' field so that only users with the 'x_app_manager' role can view it. What should the developer do?,multiple-choice,Add the x_app_manager role to the existing table.none read ACL,Create a table.confidential_notes field-level read ACL requiring the x_app_manager role,Create a deny unless ACL that blocks x_app_user from the confidential_notes field,Remove the x_app_user role from the table.none ACL and create individual field ACLs for every field,,,,,,,,,,,,2,"The developer should create a field-level ACL (table.confidential_notes) requiring the x_app_manager role. This is the standard approach for restricting access to a specific field — like putting a special lock on one room. The field-specific ACL will override the more general access, restricting that field to only users who pass its check. See",Application Development
"Besides create, read, write, and delete, which additional operation type can be controlled through access control rules in ServiceNow?",multiple-choice,Import,Reporting,Cloning,Archiving,,,,,,,,,,,,2,"Access control rules can control operations beyond basic CRUD, including reporting. As stated in the source, 'we might also be controlling for operations such as reporting on or reading reports or even list editing records or the columns therein on a table.' See",Application Development
How does a table.* (wildcard) access control rule behave when a field-specific ACL also exists for a field on the same table?,multiple-choice,The wildcard rule overrides the field-specific ACL,"Both the wildcard and field-specific rules are evaluated together, and the user must pass both","The field-specific ACL takes precedence, and the wildcard rule does not apply to that field","The wildcard rule applies first, and the field-specific rule is only checked if the wildcard fails",,,,,,,,,,,,3,"A table.* (wildcard) ACL acts as a field-level access control only 'where there is no field-specific rule already.' When a field-specific ACL exists, it takes precedence and the wildcard does not apply to that field. As the source explains, 'often in the world of computers, the more specific situation is the one that wins.' See",Application Development
"A developer has a custom table with 30 fields. Most fields should be readable by users with the 'viewer' role, but the 'salary' field should only be readable by users with the 'hr_manager' role. Which combination of ACLs should the developer create to achieve this efficiently? (Select all that apply)",multiple-choice,A table.none read ACL requiring the viewer role for row-level access,A table.* (wildcard) read ACL requiring the viewer role for default field access,A table.salary field-level read ACL requiring the hr_manager role,Individual field-level read ACLs for each of the 29 non-salary fields requiring the viewer role,,,,,,,,,,,,"1,2,3","This scenario requires three ACLs working together: (1) A table.none ACL for row-level access (the 'front door'), (2) a table.* wildcard ACL to grant the viewer role access to all fields by default (this also causes all fields to require an ACL check), and (3) a field-specific table.salary ACL for the hr_manager role, which overrides the wildcard for that field. This is the efficient approach demonstrated in the source's house metaphor. See",Application Development
"When creating a user record specifically for integration purposes, what does enabling the 'Web service access only' option accomplish?",multiple-choice,It restricts the user to read-only operations on all tables,It prevents the user from logging into ServiceNow through a web browser while still allowing authentication for integrations,It automatically grants the user the web_service_admin role,"It limits the user to REST API access only, excluding SOAP requests",,,,,,,,,,,,2,"Enabling 'Web service access only' on a user record forbids that user from logging into the ServiceNow GUI through a web browser (an interactive session). The user's credentials can only be used for providing authentication for integrations or web service access. The user is still treated like any other user regarding groups, roles, and ACLs. See",Application Development
"A scoped application's table is configured to allow access from all application scopes, but only the Read and Update database operations are enabled. A script running in a different application scope attempts to insert a new record and then update an existing record on this table. What is the expected outcome?",multiple-choice,Both operations succeed because access from all scopes is allowed,The insert is denied but the update succeeds,Both operations are denied because cross-scope access requires caller restriction approval,The insert succeeds but is logged in the restricted caller access table for review,,,,,,,,,,,,2,"When cross-scope access is granted, the specific database operations (Create, Read, Update, Delete) that are enabled determine what actions are permitted. Since only Read and Update are checked, the insert (create) operation is denied while the update operation is allowed. See",Application Development
A developer is building a scoped application that contains sensitive data. They want to be notified when out-of-scope applications attempt to access their table and require each access attempt to be manually approved before it is permitted. Which caller access setting should the developer configure?,multiple-choice,Caller tracking,None,Caller restriction,Set the application access to 'No application scopes',,,,,,,,,,,,3,"Caller restriction ensures that every time something from out of scope tries to access the table, a record is created in the restricted caller access table with a status of unapproved. The developer must then manually approve each access request before it is permitted. This is the 'ask for permission' approach. See",Application Development
"When publishing an application to the ServiceNow Store, which protection policy options can be applied to individual application artifacts to protect intellectual property? (Select all that apply)",multiple-choice,No protection — the artifact can be read and edited by the installer,Read-only — the artifact can be read but not modified,Black box — the artifact appears as an essentially empty record to the installer,Encrypted — the artifact source code is stored with AES-256 encryption at rest,,,,,,,,,,,,"1,2,3","ServiceNow provides three protection policy options for application artifacts published to the Store: no protection (read and edit), read-only (read but cannot modify), and black box (appears as an empty record). These are applied on a record-by-record basis. See",Application Development
What is the purpose of the 'Allow configuration' setting on a scoped application's table?,multiple-choice,It allows administrators to modify the table schema from any application scope,It permits out-of-scope applications to create configurations such as client scripts or form buttons that affect the table,It enables automatic configuration of field-level ACL rules across all scopes,It allows the table to inherit configuration settings from its parent application,,,,,,,,,,,,2,"The 'Allow configuration' setting controls whether out-of-scope applications can create configuration artifacts — such as client scripts, UI actions (buttons), or other customizations — that target the table. For example, a private application could own a button on the globally scoped incident form by leveraging this setting. See",Application Development
"When creating a custom application in ServiceNow, what is the primary purpose of Application Scope?",multiple-choice,To define which users can access the application,To isolate application artifacts and prevent naming conflicts with other applications,To determine which ServiceNow instance the application runs on,To set the maximum number of records the application can create,,,,,,,,,,,,2,"Application Scope provides namespace isolation for application artifacts (tables, scripts, properties, etc.). Each scoped application has a unique scope prefix that prevents naming conflicts and controls cross-scope access to protect application integrity.",Application Development
A developer needs to import data from a CSV file into a custom table. What is the correct sequence of steps?,multiple-choice,Create Transform Map → Upload CSV → Run Transform → Verify data,Upload CSV to Import Set table → Create Transform Map → Run Transform → Verify data,Create custom table → Upload CSV directly to the table → Verify data,Create REST API → POST CSV data → Process with Business Rule,,,,,,,,,,,,2,"The import process follows: 1) Upload CSV to create an Import Set staging table, 2) Create a Transform Map to define field mappings between staging and target table, 3) Run the Transform to move data, 4) Verify the results. The staging table acts as an intermediary for data validation.",Application Development
Which of the following are components of the Service Catalog? (Choose two.),multiple-choice,Record Producers,Transform Maps,Order Guides,Business Rules,,,,,,,,,,,,"1,3","Record Producers and Order Guides are Service Catalog components. Record Producers create records on tables via the catalog interface (e.g., creating incidents from self-service). Order Guides bundle multiple catalog items into a guided ordering process.",Application Development
What is the purpose of the Automated Test Framework (ATF) in ServiceNow application development?,multiple-choice,To automatically generate code for custom applications,To create and run automated tests that validate application functionality without manual testing,To benchmark application performance under load,To automatically deploy applications to production,,,,,,,,,,,,2,"ATF allows developers to create automated test cases that simulate user interactions and validate expected outcomes. Tests can verify form submissions, workflows, business rules, and other application behaviors, replacing manual regression testing.",Application Development
"Which tool in ServiceNow provides a low-code way to automate processes using triggers, actions, and conditions without traditional scripting?",multiple-choice,Script Editor,Flow Designer,Business Rule Builder,Script Debugger,,,,,,,,,,,,2,"Flow Designer is ServiceNow's low-code/no-code automation tool. It uses a visual interface with triggers (when to run), actions (what to do), and conditions (branching logic) to create automated workflows without writing JavaScript.",Application Development
"A developer needs to control which roles can read, write, create, and delete records on a custom table. Which mechanism should they configure?",multiple-choice,Client Scripts with role checks,Access Control Rules (ACLs),UI Policies with role conditions,Data Policies with user filters,,,,,,,,,,,,2,"Access Control Rules (ACLs) are the platform's security mechanism for controlling CRUD operations on tables and fields based on roles, conditions, and scripts. ACLs are evaluated server-side and enforce security regardless of how data is accessed (UI, API, import).",Application Development
What is the purpose of an Application Scope in ServiceNow?,multiple-choice,To limit which users can access the application,To provide a namespace that prevents naming conflicts between applications,To define the geographic regions where the app is available,To set the maximum number of records the app can create,,,,,,,,,,,,2,"Application Scope provides a namespace (e.g., x_myco_myapp) that prevents naming conflicts between applications. Each scoped app has its own namespace for tables, scripts, and other artifacts.",CAD
A developer wants to create a custom table that extends the Task table. What is the primary benefit of extending Task?,multiple-choice,The custom table will be faster than a standalone table,"The custom table inherits Task fields, business rules, and workflows",The custom table will automatically appear in the navigation menu,The custom table bypasses ACL restrictions from the parent,,,,,,,,,,,,2,"Extending the Task table means the custom table inherits all Task fields (number, state, assignment_group, etc.), business rules, UI policies, and workflows, providing standard task management functionality.",CAD
Which TWO record types are created automatically when you create a new scoped application in ServiceNow? (Choose 2),multiple-choice,Application record in sys_app,A custom table for the application,Application scope record,A default homepage for the application,,,,,,,,,,,,"1,3",Creating a scoped application automatically generates an application record (sys_app) and an application scope record. These define the app's identity and namespace.,CAD
What is the purpose of Update Sets in ServiceNow application development?,multiple-choice,To track and migrate configuration changes between instances,To schedule automatic updates to application data,To version control application source code,To batch update records in a table,,,,,,,,,,,,1,"Update Sets capture configuration changes (not data changes) made in a development instance, allowing them to be migrated to test and production instances in a controlled manner.",CAD
Where do business rules execute in the ServiceNow architecture?,multiple-choice,In the user's web browser (client-side),On the ServiceNow server (server-side),In the MID Server,In the browser's service worker,,,,,,,,,,,,2,"Business rules execute on the server side, not in the browser. They deal primarily with interaction with the database table itself.",Business Rules
Which of the following are types of business rules based on when they execute in the transaction lifecycle? (Select all that apply),multiple-choice,Before,After,Concurrent,Async,,,,,,,,,,,,"1,2,4","ServiceNow business rules can be configured as before, after, display, before query, or async (asynchronous) types. Before, After, and Async are all valid business rule execution types.",Business Rules
What is the primary purpose of an asynchronous business rule?,multiple-choice,To execute before a record is displayed to the user,To run non-time-sensitive logic without blocking the user's session,To validate field values before a record is saved to the database,To pass server-side data to client-side scripts using g_scratchpad,,,,,,,,,,,,2,"Asynchronous business rules are used for operations that are not time-sensitive. They are added to the job queue and execute at the next available moment, returning control to the user's UI immediately.",Business Rules
Which type of business rule supports the use of g_scratchpad to pass data from the server to the client?,multiple-choice,Before business rule,After business rule,Display business rule,Async business rule,,,,,,,,,,,,3,The g_scratchpad object is only available in display business rules. It provides a mechanism to pass server-side data to client-side scripts.,Business Rules
"A developer needs to automatically populate a calculated field value on an Incident record before it is written to the database, without the user explicitly setting it. Which type of business rule should the developer use?",multiple-choice,Display business rule,Before business rule,After business rule,Async business rule,,,,,,,,,,,,2,"A before business rule runs after the form is submitted but before the record is written to the database, making it ideal for populating or modifying field values before the save occurs.",Business Rules
Why are the current and previous objects NOT available in scheduled script executions?,multiple-choice,Scheduled scripts run on the client side where these objects are not supported,Scheduled scripts are not associated with a specific table record,Scheduled scripts only support GlideForm (g_form) APIs,The current and previous objects are deprecated in the Yokohama release,,,,,,,,,,,,2,"The current and previous objects are only available in server-side scripts that are associated with a specific table record (i.e., scripts with a table field on the trigger). Scheduled scripts have no table association, so GlideRecord or GlideQuery must be used instead.",Business Rules
A developer writes the expression current.caller_id.department.name in a business rule on the Incident table. What technique is being used and what value is returned?,multiple-choice,Dot-walking — returns the name of the department of the caller on the incident,GlideRecord chaining — returns the sys_id of the caller's department,Reference querying — returns the caller's user name,Object inheritance — returns the incident's department field,,,,,,,,,,,,1,"This is dot-walking, which traverses reference fields across tables. Starting from the current Incident record, it follows caller_id to the User table, then department to the Department table, and retrieves the Name field value.",Business Rules
Which of the following are valid database operations that can trigger a business rule in ServiceNow? (Select all that apply),multiple-choice,Insert,Update,Export,Delete,,,,,,,,,,,,"1,2,4","Business rules can be triggered on insert, update, delete, and query operations against a table. Export is not a database operation that triggers business rules.",Business Rules
"In an onChange client script, what does the 'oldValue' parameter represent?",multiple-choice,The value of the field immediately before the most recent user edit on the client side,The value stored on the server when the form was loaded,The default value defined in the field's dictionary entry,The value from the same field on the previously viewed record,,,,,,,,,,,,2,"The oldValue parameter in an onChange client script represents the value that was stored on the server when the form loaded. It does not track intermediate client-side edits — if a user changes the field 20 times before saving, oldValue still reflects the original server-side value.",Business Rules
What is the purpose of the 'Execute if false' script section in a UI policy?,multiple-choice,It runs validation logic before the UI policy condition is evaluated,It defines scripted actions to perform when the UI policy condition is no longer true,It prevents the UI policy from executing on specific form views,It logs diagnostic information when the UI policy condition fails to evaluate,,,,,,,,,,,,2,"The 'Execute if false' script section in a UI policy allows developers to define actions that should occur when the UI policy condition evaluates to false (i.e., is no longer met). This is essential for undoing scripted changes such as clearing field messages when the triggering condition changes.",Business Rules
"A developer creates a scripted UI policy that uses g_form.showFieldMessage() to display an informational message beneath a field when a condition is met. After testing, the developer notices the message remains visible even after the condition is no longer true. What is the most likely cause?",multiple-choice,The showFieldMessage() method requires a form save before it can be cleared,The developer did not add a corresponding script in the 'Execute if false' section to clear the message,UI policy scripts cannot interact with field messages and a client script should be used instead,The UI policy's 'Reverse if false' checkbox is not selected on the UI policy record,,,,,,,,,,,,2,"When a UI policy uses scripting (such as g_form.showFieldMessage()) to modify the form, the platform cannot automatically reverse those scripted changes when the condition becomes false. The developer must explicitly add reversal logic in the 'Execute if false' script section — for example, calling g_form.hideFieldMessage() to remove the message. UI policy actions auto-reverse, but scripts do not.",Business Rules
Which of the following are parameters provided by the onChange client script template function? (Select all that apply),multiple-choice,control,current,isLoading,previous,,,,,,,,,,,,"1,3","The onChange client script template function provides five parameters: control, oldValue, newValue, isLoading, and isTemplate. The 'control' parameter gives access to the UI element of the field, while 'isLoading' is a boolean indicating whether the form is still loading.",Business Rules
A developer needs to make a field read-only when a UI policy condition is true. The developer is deciding whether to use a UI policy action record or accomplish this entirely through scripting. What is a key advantage of using a UI policy action record for this requirement?,multiple-choice,"UI policy actions execute on the server side, providing better security than client-side scripts","UI policy actions automatically reverse the change when the condition is no longer met, without requiring additional scripting",UI policy actions support conditional logic that cannot be replicated in scripts,UI policy actions allow setting multiple field attributes in a single line of code,,,,,,,,,,,,2,"UI policy action records are lightweight and automatically reverse their effects when the UI policy condition is no longer true. For example, if an action sets a field to read-only, the platform automatically makes it editable again when the condition becomes false — no additional scripting required. This auto-reversal is a key advantage over scripted approaches, which require explicit 'Execute if false' logic.",Business Rules
A developer is writing an onChange client script that must replace the current value of a field with a corrected value and display an error message to the user when an invalid entry is detected. Which two GlideForm (g_form) methods should the developer use? (Select all that apply),multiple-choice,g_form.setValue(),g_form.setDisplay(),g_form.addErrorMessage(),g_form.setReadOnly(),,,,,,,,,,,,"1,3","To programmatically replace a field value on the client side, the developer should use g_form.setValue() with the field name and new value as arguments. To display an error message banner at the top of the form, g_form.addErrorMessage() is the appropriate method. These two methods together fulfill the requirements of replacing the invalid value and notifying the user.",Business Rules
A developer needs to pass server-side data to a client script without using an AJAX call. Which type of business rule and mechanism should they use?,multiple-choice,Before business rule with current object,Display business rule with g_scratchpad,After business rule with gs.addInfoMessage(),Async business rule with GlideAjax,,,,,,,,,,,,2,Display business rules run when a form is loaded (before display) and can use g_scratchpad to pass server-side data to client scripts. g_scratchpad is only available in display business rules.,Business Rules
Which of the following are valid GlideSystem logging methods that write to the system log? (Choose two.),multiple-choice,gs.info(),gs.print(),gs.warn(),gs.console(),,,,,,,,,,,,"1,3","gs.info() logs informational messages and gs.warn() logs warning messages to the system log (syslog). Other valid methods include gs.error(), gs.debug(), and gs.log().",Business Rules
A developer has a business rule that sends email notifications after an incident is created. Users report that form submissions are slow. What change would improve performance?,multiple-choice,Change the business rule from 'after' to 'before',Change the business rule to 'async' (asynchronous),Change the business rule to 'display',Add the Advanced checkbox and rewrite in JavaScript,,,,,,,,,,,,2,"Asynchronous business rules run as scheduled jobs separate from the user's transaction, so the user regains control of their UI immediately. Email notifications are not time-sensitive enough to block the user's session.",Business Rules
Which statement about the Script Debugger for business rules is correct?,multiple-choice,Breakpoints set by one developer are visible to all other developers,Asynchronous business rules can be stepped through in the Script Debugger,Each developer's debug session is independent with their own breakpoints,The Script Debugger modifies the production script during debugging,,,,,,,,,,,,3,The Script Debugger creates a unique session per developer. Breakpoints are session-specific and not shared with or visible to other developers. Multiple developers can debug the same script simultaneously without interfering.,Business Rules
"In a 'before' business rule, what is unique about modifying the current record compared to an 'after' business rule?",multiple-choice,Before rules require an explicit current.update() call to save changes,Before rules can modify the current record without calling update() because the record hasn't been written yet,Before rules cannot access the current object at all,Before rules automatically create a new version of the record,,,,,,,,,,,,2,"In a 'before' business rule, changes to the current object are automatically included when the record is written to the database, since the write hasn't happened yet. In contrast, 'after' business rules require explicit update() calls because the record has already been saved.",Business Rules
A developer needs to access the department name of the caller on an incident record in a business rule. Which Dot-walking expression is correct?,multiple-choice,current.caller_id.getDepartment().name,current.caller_id.department.name,current.department.caller_id.name,gs.getUser().department.name,,,,,,,,,,,,2,"Dot-walking allows traversal from the current record through reference fields to related tables. current.caller_id references the User table, .department references the Department table from the user, and .name gets the department's name.",Business Rules
A business rule is configured to run 'before' insert on the Incident table. The rule sets a value on the 'description' field. A developer notices the value is not being saved. What is the MOST likely cause?,multiple-choice,The business rule should use current.update() to save the change,Another business rule running 'after' is overwriting the value,"The business rule order number is too high, causing it to run after the record is saved",A client script is overwriting the value after the form reloads,,,,,,,,,,,,4,"If a client script sets the description field when the form loads, it will overwrite the value set by the before business rule. The record saves correctly but the client script changes the display.",CAD
Which THREE of the following are valid business rule timing options in ServiceNow? (Choose 3),multiple-choice,before,during,after,async,display,,,,,,,,,,,"1,3,5","ServiceNow business rules support four timing options: before, after, async, and display. Before runs before the database operation, after runs immediately after, and display runs when a form is loaded.",CAD
A developer needs to prevent a record from being deleted if it has associated child records. Which business rule configuration should they use?,multiple-choice,Before delete business rule that calls current.setAbortAction(true),After delete business rule that restores the record,Before delete business rule that calls current.deleteRecord(),Display business rule that hides the delete button,,,,,,,,,,,,1,A before delete business rule with current.setAbortAction(true) prevents the delete operation from proceeding. This is the standard pattern for preventing deletions based on conditions.,CAD
What is the purpose of the 'current.operation()' method in a business rule?,multiple-choice,Returns the name of the current business rule,"Returns the database operation being performed (insert, update, delete, query)",Returns the execution order of the current rule,Returns the table name the business rule is running on,,,,,,,,,,,,2,"current.operation() returns the current database operation: insert, update, delete, or query. This is useful in business rules that run on multiple operations.",CAD
Which of the following is NOT one of the four types of client scripts in ServiceNow?,multiple-choice,onLoad,onChange,onBefore,onSubmit,,,,,,,,,,,,3,"The four types of client scripts in ServiceNow are onLoad, onChange, onSubmit, and onCellEdit. 'onBefore' is not a client script type; it relates to business rule timing (before business rules).",Client Scripts
Where do ServiceNow client scripts execute?,multiple-choice,On the ServiceNow application server,On the client's web browser,On the MID Server,On the database server,,,,,,,,,,,,2,"Client scripts execute on the client's web browser. When a form loads, client scripts are loaded with the form and execute in the browser, waiting for user interaction to trigger them.",Client Scripts
A developer creates a client script on the Task table and enables the Inherited checkbox. What is the effect of this configuration?,multiple-choice,The client script will only execute on the Task table and no other tables,"The client script can also execute on child tables of Task, such as Incident, Problem, and Change Request",The client script will be automatically copied as separate records to all child tables,The client script will execute on every table in the ServiceNow instance,,,,,,,,,,,,2,"When the Inherited checkbox is enabled on a client script, the script can execute on child tables that extend the selected table. For example, a client script on the Task table with Inherited enabled can execute on Incident, Problem, and Change Request tables.",Client Scripts
Which of the following statements about the Order field on client scripts are correct? (Select all that apply),multiple-choice,The Order field appears on the Client Script form by default,Client scripts with a lower Order value execute first,The Order field should be used when multiple client scripts of the same type exist on the same table,The Order field determines whether a client script is active or inactive,,,,,,,,,,,,"2,3","Client scripts execute in order from lowest to highest Order value. The Order field should be used when multiple client scripts of the same type exist for the same table and may have conflicting logic, to control which executes first.",Client Scripts
"When a user clicks 'New' to open a new incident form, which of the following can fire during the form rendering process? (Select all that apply)",multiple-choice,Query business rules,Display business rules,onLoad client scripts,Before business rules,,,,,,,,,,,,"1,2,3","When clicking 'New' to open a form, query business rules fire when the table is queried for a new record, display business rules fire as the form renders to populate the scratchpad, and onLoad client scripts fire in the browser after the form loads but before the user gets control.",Client Scripts
"A developer needs to highlight VIP callers when the Caller field changes on the Incident form, but only when users are viewing the Self-Service (ESS) view. Which client script configuration should the developer use?",multiple-choice,An onLoad client script with the View field set to ESS,An onChange client script on the Caller field with the View field set to ESS,An onSubmit client script with a condition that checks the current view,An onChange client script on the Caller field with no View specified,,,,,,,,,,,,2,An onChange client script is required because the action must trigger when the Caller field value changes. Setting the View field to ESS restricts the script to execute only when users view the Self-Service view.,Client Scripts
Which GlideForm (g_form) method is used to retrieve the current value of a field on a form in a client script?,multiple-choice,g_form.getFieldValue(),g_form.getValue(),g_form.get(),g_form.readValue(),,,,,,,,,,,,2,The g_form.getValue('fieldName') method retrieves the value of a specified field on the current form. This is the standard GlideForm API method for reading field values in client scripts and UI policies.,Client Scripts
In which type of ServiceNow script are the 'current' and 'previous' objects available for accessing record field values?,multiple-choice,Client scripts,UI policies,Business rules,UI scripts,,,,,,,,,,,,3,"The 'current' and 'previous' objects are available in server-side scripts that are associated with a table, such as business rules. The 'current' object contains the values being submitted, while 'previous' contains the values before the update. These objects are not available client-side.",Client Scripts
Why are display business rules with the g_scratchpad object preferred over GlideAjax calls when server-side data is needed at form load?,multiple-choice,Display business rules can dynamically update data when field values change on the form,"Display business rules send data along with the initial form load, avoiding an additional round trip to the server",The g_scratchpad object allows client scripts to directly query the database without server involvement,Display business rules execute asynchronously and therefore do not impact form load performance,,,,,,,,,,,,2,"Display business rules run on the server before the form is sent to the client. By writing values to the g_scratchpad object, the data 'rides along' with the form response, eliminating the need for a separate asynchronous server call (GlideAjax). This avoids an additional round trip and improves performance.",Client Scripts
In which of the following server-side script types must a developer query records using GlideRecord or GlideQuery instead of relying on the 'current' object? (Select all that apply),multiple-choice,Business rules,Scheduled scripts,Script includes,Script actions,,,,,,,,,,,,"2,3","Scheduled scripts and script includes are server-side scripts that are not directly associated with a table record operation. They do not have the 'current' or 'previous' objects automatically provided. To access records, developers must explicitly query using GlideRecord or GlideQuery.",Client Scripts
A developer needs to display the Assigned To user's manager's email address in a field message on the Incident form. The email should appear when the form loads but does not need to update when the Assigned To field value changes. What is the recommended approach?,multiple-choice,Use dot-walking in an onLoad client script to access current.assigned_to.manager.email,Write a GlideAjax call in an onChange client script to fetch the manager's email from the server,Use a display business rule to dot-walk to the manager's email and pass it to the client via g_scratchpad,Create a UI macro that queries the manager's email and renders it on the form,,,,,,,,,,,,3,"A display business rule can dot-walk server-side to retrieve the assigned user's manager's email (e.g., current.assigned_to.manager.email) and write it to g_scratchpad. The client script then reads the value from g_scratchpad when the form loads. This avoids an extra round trip to the server since the data is sent along with the form.",Client Scripts
Which of the following are valid Client Script types in ServiceNow? (Choose two.),multiple-choice,onLoad,onDisplay,onCellEdit,onChange,,,,,,,,,,,,"1,4","The four valid Client Script types are onLoad, onChange, onSubmit, and onCellEdit. onLoad executes when a form loads, and onChange executes when a specific field value changes.",Client Scripts
A developer creates a Client Script on the Task table with the 'Inherited' checkbox enabled. Which tables will this script execute against?,multiple-choice,Only the Task table,"Task and all tables that extend Task (Incident, Problem, Change, etc.)",All tables in the instance,"Only child tables of Task, not the Task table itself",,,,,,,,,,,,2,"When the Inherited checkbox is enabled on a Client Script, it executes on the specified table AND all tables that extend it. Since Incident, Problem, Change Request, and other tables extend Task, the script runs on all of them.",Client Scripts
Multiple onChange Client Scripts exist on the Incident table's Caller field. What determines the order in which they execute?,multiple-choice,Alphabetical order by script name,"The Order field value, from lowest to highest","The sys_created_on timestamp, oldest first",Random order determined by the server,,,,,,,,,,,,2,The Order field controls execution sequence for multiple Client Scripts of the same type on the same table/field. Scripts execute from lowest Order value to highest. The Order field is not on the Client Script form by default and must be added via Form Layout.,Client Scripts
Which Client Script type is NOT one of the four standard types in ServiceNow?,multiple-choice,onLoad,onSubmit,onCellEdit,onSave,,,,,,,,,,,,4,"The four Client Script types are onLoad, onChange, onSubmit, and onCellEdit. There is no 'onSave' type — save actions are handled by the onSubmit type, which runs when a form is saved, updated, or submitted.",Client Scripts
A developer wants a Client Script to run only when users view the Self-Service (ESS) view of the Incident form. How should this be configured?,multiple-choice,Set the Type to 'onLoad' and add a condition checking the current view in script,Uncheck the 'Global' checkbox and enter 'ess' in the View field,Create the Client Script on the Service Portal table instead,Set the UI Type to 'Mobile' only,,,,,,,,,,,,2,"When the Global checkbox is unchecked on a Client Script, a View field appears where you can specify which view(s) the script should execute on. Entering 'ess' (the system name for the Self-Service view) restricts the script to only that view. Multiple views can be specified comma-separated.",Client Scripts
A developer writes an onSubmit Client Script that returns false. What happens when a user clicks the Submit button?,multiple-choice,The record is submitted and then immediately deleted,The form submission is cancelled and the record is not saved,The record is saved but marked as draft,An error is thrown and the page crashes,,,,,,,,,,,,2,"When an onSubmit Client Script returns false, it cancels the form submission. The record is not created or updated in the database, and the user remains on the form. This is commonly used for client-side validation.",Client Scripts
A developer needs to make the 'Short description' field mandatory only when the Priority is set to 1 - Critical. Which client script type should they use?,multiple-choice,onLoad client script,onChange client script on the Priority field,onSubmit client script,onCellEdit client script,,,,,,,,,,,,2,"An onChange client script on the Priority field fires whenever the user changes the priority value, allowing you to call g_form.setMandatory('short_description', true) when priority is 1.",CAD
Which of the following is NOT a valid g_form method for controlling field visibility?,multiple-choice,"g_form.setVisible('field_name', false)","g_form.setDisplay('field_name', false)",g_form.hideFieldMsg('field_name'),g_form.hideRelatedList('list_name'),,,,,,,,,,,,1,There is no setVisible() method on g_form. The correct method to hide a field is g_form.setDisplay() or g_form.setVisible() does not exist as a standard API.,CAD
A developer writes an onChange client script but it does not fire when the form loads with a pre-populated value. What should they add?,multiple-choice,Set the 'Inherited' checkbox on the client script,Add an onLoad client script that manually triggers the onChange logic,Check the 'Fire on load' option in the onChange client script,Set the business rule to populate the field after form load,,,,,,,,,,,,3,"The onChange client script has an 'Inherit' checkbox but lacks... Actually, onChange scripts in ServiceNow do not fire on initial form load by default. However, adding an onLoad script that calls the same logic is the standard workaround.",CAD
Which TWO methods can be used to get the value of a field in a client script? (Choose 2),multiple-choice,g_form.getValue('field_name'),g_form.getReference('field_name'),current.field_name,g_form.getDisplayValue('field_name'),,,,,,,,,,,,"1,4","g_form.getValue() returns the actual value of a field, and g_form.getDisplayValue() returns the display value. Both are valid client-side methods to retrieve field values.",CAD
What new Zurich feature automates the entire application lifecycle from design to deployment?,multiple-choice,App Engine Studio,Build Agent,Flow Designer,Update Set Manager,,,,,,,,,,,,2,"Build Agent is a new Zurich feature that automates the entire application lifecycle, from design to deployment, ensuring consistency and compliance across the development process.",Application Development
Which JavaScript version is now supported in Zurich that enables Promises and async/await patterns?,multiple-choice,ECMAScript 2015 (ES6),ECMAScript 2018 (ES9),ECMAScript 2021 (ES12),ECMAScript 2023 (ES14),,,,,,,,,,,,3,"Zurich supports ECMAScript 2021 (ES12) JavaScript mode, enabling Promises and async/await for cleaner, non-blocking server-side scripting.",Scripting
What new Studio feature in Zurich provides a more comfortable visual environment for developers?,multiple-choice,High contrast mode,Dark theme,Compact view,Split screen,,,,,,,,,,,,2,"The Zurich release adds a dark theme to ServiceNow Studio, providing a more comfortable visual environment for developers during extended coding sessions.",Developer Tools
What new capability does Zurich add for generating subflows in App Engine Studio?,multiple-choice,Template-based generation,AI-powered generation from images or sketches,Import from external tools,Clone existing subflows,,,,,,,,,,,,2,"Zurich introduces AI-powered generation of subflows from an image (e.g., diagram or sketch), allowing developers to quickly create automation from visual designs.",Application Development
What new ATF feature in Zurich helps developers understand why tests failed more quickly?,multiple-choice,Test Replay,ATF Failure Insights,Debug Console,Error Stack Trace,,,,,,,,,,,,2,ATF Failure Insights is a new Zurich feature that helps developers quickly understand why tests failed by providing detailed failure information.,Testing
What new Flow Designer capability in Zurich allows flows to be triggered by external systems via webhooks?,multiple-choice,Scheduled triggers,Record-based triggers,External event sources,Email triggers,,,,,,,,,,,,3,"Zurich adds the ability to create and manage external event sources in Flow Designer, allowing external systems to trigger flows via REST/webhooks.",Flow Designer
What does the acronym REST stand for in the context of ServiceNow web services?,multiple-choice,Remote Execution Service Transfer,REpresentational State Transfer,Reliable Endpoint Service Technology,Resource Exchange Standard Transport,,,,,,,,,,,,2,"REST stands for REpresentational State Transfer. It is the common web service framework used in ServiceNow for both inbound and outbound integrations, as opposed to SOAP (Simple Object Access Protocol). See",Integration & REST APIs
Which HTTP method is used to perform a partial update of a resource when working with RESTful web services in ServiceNow?,multiple-choice,PUT,POST,PATCH,GET,,,,,,,,,,,,3,"PATCH is the HTTP method used for partial updates. Unlike PUT, which performs a complete overwrite of a resource, PATCH updates only the specified fields. See",Integration & REST APIs
"When testing an outbound REST message HTTP method in ServiceNow, which HTTP response status code indicates that a GET request was successful?",multiple-choice,201 Created,200 OK,301 Moved Permanently,401 Unauthorized,,,,,,,,,,,,2,A status code of 200 indicates that the HTTP GET request was successful and the server returned the requested data. This is the expected result when testing outbound REST messages in ServiceNow. See,Integration & REST APIs
"When configuring an outbound REST message in ServiceNow, which elements are defined on the top-level REST Message record rather than on the HTTP Method record? (Select all that apply)",multiple-choice,The endpoint URL of the web service provider,HTTP query parameters for the specific request,Authentication type and credentials,Variable substitution test values,,,,,,,,,,,,"1,3","The top-level REST Message record stores information common to all requests, including the endpoint URL (location of the provider) and authentication information. These are inherited by all HTTP Method records created under it. See",Integration & REST APIs
What must be enabled on a ServiceNow table to allow it to be accessed by inbound web service requests from external systems?,multiple-choice,The 'REST Enabled' system property must be set to true,The 'Allow access to this table via web services' checkbox in the Application Access section of the table record,The 'Inbound Integration' module must be activated in the table definition,A Scripted REST API resource must be created for the table,,,,,,,,,,,,2,"To allow external systems to access a ServiceNow table via web services, the 'Allow access to this table via web services' checkbox must be checked in the Application Access section of the table record. Access control rules for the table will also be honored. See",Integration & REST APIs
A developer has configured an outbound REST message with dynamic variable placeholders in the HTTP query parameters. They need to generate the server-side JavaScript code to call this REST message from a business rule. What should the developer use to obtain the starter script?,multiple-choice,The REST API Explorer,The 'Preview Script Usage' related link on the HTTP Method record,The 'Generate Business Rule' button on the REST Message record,The Script Include template in ServiceNow Studio,,,,,,,,,,,,2,"Once variables and variable substitutions are created on an HTTP Method record, the 'Preview Script Usage' related link generates ready-to-use ServiceNow JavaScript code that can be copied into any server-side script such as a business rule, scheduled script, or script include. See",Integration & REST APIs
"A developer has configured dynamic variable placeholders using ${variable_name} syntax in the HTTP query parameters of an outbound REST message method. When they click the Test link, the request fails because required parameters are empty. What must the developer do to successfully test the request?",multiple-choice,Replace the variable placeholders with hard-coded values before testing,Provide temporary test values in the Variable Substitutions related list on the HTTP Method record,Create a business rule to pass runtime values during the test,Set default values for each variable in System Properties,,,,,,,,,,,,2,"When an outbound REST message HTTP method uses dynamic variable placeholders, the developer must provide temporary test values in the Variable Substitutions related list on the HTTP Method record. These values are used only during testing and allow the Test feature to send a complete request. See",Integration & REST APIs
A developer is configuring ServiceNow as a web service provider so that an external monitoring tool can query incident data via the Table API. Which of the following steps are necessary for this integration? (Select all that apply),multiple-choice,Enable the 'Allow access to this table via web services' checkbox in the Incident table's Application Access settings,Create a user account with appropriate roles for the external system to authenticate with,Configure an outbound REST message with the monitoring tool's endpoint URL,Install the Integration Hub spoke for the monitoring tool,,,,,,,,,,,,"1,2","When ServiceNow acts as a web service provider, the table must have 'Allow access to this table via web services' enabled in its Application Access settings, and a user account with appropriate roles must exist for the external system to authenticate. ServiceNow honors ACLs for the authenticating user, so the account needs the correct roles. A dedicated 'Web Service Access Only' user can be created for this purpose. See",Integration & REST APIs
What is the purpose of an import set table in ServiceNow?,multiple-choice,A permanent table that stores all imported records for long-term reference,A staging table that temporarily holds imported data before it is transformed to a target table,A log table that records the history and status of all import operations,A system table used to define and schedule recurring data imports,,,,,,,,,,,,2,"Import set tables serve as temporary staging tables. Source data is first loaded into the import set table, where it is converted into GlideRecords and can be validated before being transformed and moved to the target table. This intermediate step helps manage data quality challenges that arise from bringing in external data. See docs.servicenow.com — Import sets.",Integration & REST APIs
What is the function of a Transform Map in the ServiceNow import set process?,multiple-choice,It converts imported files into XML format before processing,It defines the mapping and rules for moving data from the import set table to the target table,It validates user permissions before allowing data imports to proceed,It automatically creates new target tables for each imported file,,,,,,,,,,,,2,"A Transform Map contains the set of instructions that maps columns from the import set table to fields on the target table, and provides automation for handling data quality issues during the transformation process. Multiple Transform Maps can be stacked for more sophisticated operations. See docs.servicenow.com — Transform Maps.",Integration & REST APIs
"When importing data from a spreadsheet into ServiceNow using import sets, what happens when the Auto Map Matching Fields option is used?",multiple-choice,The import skips the Transform Map step and loads data directly into the target table,Field map records are automatically created for columns whose names match between the import set table and the target table,The platform renames the import set table columns to match the target table column names,Matching fields are merged into a single column on the target table,,,,,,,,,,,,2,The Auto Map Matching Fields feature automatically creates field map records based on matching column names between the import set table and the target table. This eliminates the need to manually drag and drop columns in the Mapping Assist tool when column names already match. See docs.servicenow.com — Auto Map Matching Fields.,Integration & REST APIs
Which of the following are functions performed by the import set table during the ServiceNow data import process? (Select all that apply),multiple-choice,Converts source data from its original format into GlideRecords,Automatically cleans and deduplicates all imported records,Provides a staging area to validate imported data before transformation,Permanently stores imported data as a backup copy,,,,,,,,,,,,"1,3","The import set table serves two key functions: (1) it converts the source data from its original format (Excel, CSV, XML, etc.) into GlideRecords within the ServiceNow platform, and (2) it acts as a staging area where the data can be validated and verified before being transformed and moved to the target table. See docs.servicenow.com — Import Sets.",Integration & REST APIs
A developer is importing employee records from an Excel spreadsheet into a custom table. Several cells in a mandatory field column are empty. The developer wants the records to still be imported but needs to control how strictly mandatory field rules are applied during the transform. Which Transform Map setting should the developer configure?,multiple-choice,Coalesce Fields,Run Business Rules,Enforce Mandatory Fields,Choice Action,,,,,,,,,,,,3,"The Enforce Mandatory Fields setting on the Transform Map controls how strictly mandatory field requirements are applied during the import process. By default, records can be imported even if mandatory fields are empty — unlike submitting through a form. This setting provides options for different levels of strictness regarding mandatory field enforcement. See docs.servicenow.com — Transform Map properties.",Integration & REST APIs
"Which ServiceNow feature allows developers to define custom API endpoints with specific HTTP methods, paths, and scripted logic?",multiple-choice,Outbound REST Message,Scripted REST API,Import Set API,Web Service Provider,,,,,,,,,,,,2,"Scripted REST APIs allow developers to create custom RESTful endpoints in ServiceNow with specific HTTP methods (GET, POST, PUT, DELETE), URL paths, and server-side scripting logic. They provide full control over request/response handling.",Integration & REST
Which of the following are components of an Outbound REST Message in ServiceNow? (Choose two.),multiple-choice,REST Message record with endpoint URL and authentication,"HTTP Methods (GET, POST, PUT, DELETE) configured as child records",A Transform Map for response parsing,A MID Server connection profile,,,,,,,,,,,,"1,2","An Outbound REST Message consists of a parent record defining the endpoint URL and authentication method, plus child HTTP Method records for each operation (GET, POST, etc.) that define specific paths, headers, and request bodies.",Integration & REST
A developer needs to allow an external system to create incidents in ServiceNow via REST. Which approach requires the least custom development?,multiple-choice,Create a Scripted REST API with custom incident creation logic,Use the built-in Table API (api/now/table/incident) with POST method,Create an Outbound REST Message to pull data from the external system,Build a custom MID Server integration,,,,,,,,,,,,2,The ServiceNow Table API provides built-in CRUD operations on any table. An external system can POST JSON to /api/now/table/incident to create incidents with no custom development needed — only authentication setup is required.,Integration & REST
What authentication method is NOT supported by ServiceNow's Outbound REST Message?,multiple-choice,Basic authentication,OAuth 2.0,Mutual TLS (certificate-based),SAML assertion authentication,,,,,,,,,,,,4,"Outbound REST Messages support Basic, OAuth 2.0, and Mutual TLS (certificate-based) authentication. SAML is a browser-based SSO protocol not designed for server-to-server REST API communication.",Integration & REST
Which HTTP method should be used to create a new record via the ServiceNow Table API?,multiple-choice,GET,PUT,POST,PATCH,,,,,,,,,,,,3,POST is the standard HTTP method for creating new resources. The ServiceNow Table API uses POST to /api/now/table/{tableName} to insert new records.,CAD
A developer needs to limit the fields returned by a Table API GET request to only sys_id and short_description. Which query parameter should they use?,multiple-choice,"sysparm_fields=sys_id,short_description","sysparm_display_value=sys_id,short_description","sysparm_query=fieldsIN sys_id,short_description","sysparm_columns=sys_id,short_description",,,,,,,,,,,,1,"sysparm_fields is the query parameter used to specify which fields to return in a Table API response, reducing payload size.",CAD
Which TWO authentication methods are supported by ServiceNow's inbound REST APIs? (Choose 2),multiple-choice,Basic Authentication with username and password,OAuth 2.0 bearer tokens,API key in request header,SAML assertion in request body,,,,,,,,,,,,"1,2",ServiceNow REST APIs support Basic Authentication (username/password in Authorization header) and OAuth 2.0 (bearer tokens). Both are commonly used for API integrations.,CAD
What is the correct endpoint format to retrieve a specific incident record using the Table API?,multiple-choice,/api/now/table/incident?sys_id=<sys_id>,/api/now/table/incident/<sys_id>,/api/now/incident/<sys_id>,/api/now/table/incident/get/<sys_id>,,,,,,,,,,,,2,The Table API uses the format /api/now/table/{tableName}/{sys_id} to retrieve a specific record by its sys_id.,CAD
What is the primary purpose of a Script Include in ServiceNow?,multiple-choice,To execute client-side scripts automatically when a form loads,To store reusable JavaScript for execution on the server,To define UI Policies that dynamically control form field behavior,To create scheduled automation jobs that run at defined intervals,,,,,,,,,,,,2,"A Script Include stores reusable JavaScript for server-side execution. Script Includes follow a 'write once, use many' pattern — they are written once and can be called from anywhere server-side JavaScript is accepted. They must be explicitly called to run and do not have automatic triggers.",Script Includes
Why is the 'current' object NOT available inside a Script Include?,multiple-choice,Script Includes only execute on the client side where current is not defined,"Script Includes are not associated with a specific table, so there is no current record context",The current object was deprecated and replaced by GlideRecord in the Yokohama release,Script Includes can only access records through the previous object,,,,,,,,,,,,2,"The 'current' object is only available in scripts that are associated with a specific table (such as Business Rules). Since the Script Include form has no table field or condition builder, there is no record context, and therefore the current object does not exist within a Script Include. Developers must use GlideRecord to access specific records instead.",Script Includes
What must a developer do differently when creating a classless (on-demand function) Script Include compared to a class-based Script Include?,multiple-choice,Enable the Client callable / GlideAjax checkbox so the function can be invoked,Delete the default class template code that ServiceNow places in the Script field and define a standalone function instead,Select a target table on the Script Include form so the function knows which records to process,Extend the AbstractAjaxProcessor class to make the function available server-side,,,,,,,,,,,,2,"When creating a new Script Include, ServiceNow automatically populates the Script field with a class template (prototype pattern). For a classless on-demand function, the developer must manually clear out this template code and define a standalone function using the standard 'function functionName() { }' syntax. The function name must exactly match the Script Include Name field.",Script Includes
Which of the following are true about Script Includes in ServiceNow? (Select all that apply),multiple-choice,They must be explicitly called to execute and do not run based on table events,The Script Include record name must exactly match the function or class name defined in the Script field,They automatically have access to the current and previous objects,They can only be called from Business Rules,,,,,,,,,,,,"1,2","Script Includes must be explicitly called to run — they have no automatic triggers tied to table events. Additionally, the Name field of the Script Include record must exactly match the function name (for classless) or the class variable name (for class-based) defined in the Script field. This naming match is critical for the Script Include to work properly.",Script Includes
What is the strongly observed naming convention for class-based Script Includes that contain a library of reusable methods?,multiple-choice,Prefix the name with 'SI_' followed by the application name,Include the word 'Utils' in the Script Include name,End the name with 'Handler' to indicate server-side processing,Start the name with 'Ajax' to indicate it supports asynchronous calls,,,,,,,,,,,,2,"There is a strongly observed convention in ServiceNow to include the word 'Utils' in the name of class-based Script Includes that serve as function libraries (e.g., ClaimsUtils, LoanerUtils). These Script Includes follow JavaScript class conventions with PascalCase naming and camelCase for subsequent words.",Script Includes
Which of the following correctly describe the initialize function in a class-based Script Include? (Select all that apply),multiple-choice,It must be manually invoked each time before calling any method on the Script Include,It runs automatically when a new object of the Script Include class is created,Properties defined using the 'this' keyword in initialize are accessible to all methods in the class,It is required only when creating client-callable Script Includes that extend AbstractAjaxProcessor,,,,,,,,,,,,"2,3","The initialize function in a class-based Script Include runs automatically when a new instance of the class is created (e.g., var obj = new MyUtils()). Properties defined using 'this.propertyName' within initialize are available throughout the entire Script Include class, accessible to all methods. This is commonly used to set up shared GlideRecord queries or property values needed across multiple methods.",Script Includes
A developer needs to retrieve server-side data from a Script Include and display it on a form without reloading the page. Which approach should the developer take?,multiple-choice,Create a classless Script Include and call it directly from a Client Script using the Script Include name,"Create a Script Include that extends AbstractAjaxProcessor, enable the Client callable checkbox, and invoke it from a Client Script using GlideAjax",Create a UI Script marked as global and call the server-side function from the form's Client Script,Create a synchronous Business Rule on the target table that populates a scratchpad variable for the client to read,,,,,,,,,,,,2,"To retrieve server-side data asynchronously from a client-side script, the developer should create a Script Include that extends AbstractAjaxProcessor and check the Client callable (GlideAjax enabled) checkbox. The client-side code then uses the GlideAjax API to call methods on this Script Include without reloading the page. This is the standard pattern for client-to-server communication in ServiceNow.",Script Includes
"When creating a new Script Include in ServiceNow, what happens to the variable name in the generated template script when the Name field is populated?",multiple-choice,The variable name is set to a system-generated unique identifier,The variable name is automatically set to match the value in the Name field,The variable name defaults to 'ScriptInclude' and must be manually changed,The variable name is set to the Name field value converted to camelCase,,,,,,,,,,,,2,"When a Script Include name is entered and the user tabs out of the Name field, ServiceNow automatically generates a template script where the variable name exactly matches the Name field value. This ensures the class name and the Script Include record name stay in sync.",Script Includes
"In a Script Include class, which function runs automatically when an object of the class is instantiated?",multiple-choice,The constructor function defined in the prototype,The first function listed in the type definition,The initialize function,The onLoad function,,,,,,,,,,,,3,The initialize function in a Script Include class runs automatically when an object of that class is created. It is commonly used to store properties using the 'this' keyword and to fetch records that will be needed throughout the class methods.,Script Includes
Why is the 'this' keyword used inside the initialize function of a Script Include to store variable values?,multiple-choice,To make the values available to client-side scripts via GlideAjax,To make the values accessible across all methods within the Script Include class,To persist the values in the database for future Script Include executions,To override system properties with custom values during runtime,,,,,,,,,,,,2,"Using 'this.' in the initialize function stores values as instance properties of the class object. This makes them accessible throughout all methods defined in the Script Include, avoiding the need to re-fetch or re-declare values in each function.",Script Includes
A developer needs to call a Script Include from a different application scope. Select all that apply. Which requirements must be met for this cross-scope call to succeed?,multiple-choice,The Script Include must have the 'Accessible from' field set to allow access from other scopes,The calling script must reference the Script Include using its full API name including the namespace,The Script Include must extend AbstractAjaxProcessor to support cross-scope calls,The calling script must import the Script Include using gs.include(),,,,,,,,,,,,"1,2","Two conditions must be met for cross-scope Script Include calls: (1) The Script Include's 'Accessible from' setting must allow access beyond its own application scope, and (2) the calling script must use the full API name (namespace prefix) to reference the Script Include.",Script Includes
A developer is building a Script Include called 'IncidentUtils' that contains multiple methods. Several of these methods need to reference the currently logged-in user's GlideRecord and a specific system property value. Where should the developer fetch and store these values to follow Script Include best practices?,multiple-choice,In a separate helper Script Include that is called by each method,At the beginning of each method that needs the values,In the initialize function using the 'this' keyword,In a global business rule that runs before the Script Include is called,,,,,,,,,,,,3,"Best practice is to fetch commonly needed values in the initialize function and store them using 'this.' so they are available across all methods in the Script Include. The initialize function runs automatically when the class is instantiated, making it the ideal place for setup logic such as fetching the current user record or system properties.",Script Includes
What class must a Script Include extend to be callable from a client-side GlideAjax request?,multiple-choice,GlideRecord,AbstractAjaxProcessor,GlideScriptedProcessor,ScriptableServiceRequest,,,,,,,,,,,,2,Script Includes that need to be called from client-side GlideAjax must extend AbstractAjaxProcessor. This base class handles the AJAX request/response mechanism and provides methods like getParameter() and newItem() for communication. The 'Client callable' checkbox must also be enabled.,Script Includes
Which statement about Script Includes is NOT correct?,multiple-choice,Script Includes are loaded on demand only when called,The Script Include name must match the class name defined in the script,Script Includes execute on the client side like Client Scripts,"Script Includes can be used in Business Rules, Scheduled Jobs, and other server scripts",,,,,,,,,,,,3,"Script Includes are server-side scripts, not client-side. They execute on the ServiceNow server and can be called from other server-side scripts. The only way to invoke them from the client is indirectly through GlideAjax (which still executes the Script Include on the server).",Script Includes
A developer has a complex calculation that is used in both a Business Rule and a Scheduled Job. What is the best practice approach?,multiple-choice,Copy the calculation code into both the Business Rule and the Scheduled Job,Create a Script Include with the calculation and call it from both locations,Create a UI Script that both can reference,Create a Client Script with global scope,,,,,,,,,,,,2,"Script Includes are designed for reusable server-side code. Creating a Script Include with the calculation logic allows it to be called from any server-side context (Business Rules, Scheduled Jobs, Flow Designer, etc.) without code duplication.",Script Includes
"In a client-callable Script Include extending AbstractAjaxProcessor, which method is used to retrieve parameters sent from a GlideAjax call?",multiple-choice,this.getParameter('sysparm_name'),current.getValue('sysparm_name'),gs.getProperty('sysparm_name'),request.getParameter('sysparm_name'),,,,,,,,,,,,1,"In an AbstractAjaxProcessor Script Include, this.getParameter() retrieves parameters that were added on the client side using ga.addParam(). Parameters typically use the 'sysparm_' prefix convention.",Script Includes
What must be true for a Script Include to be accessible from a client script via GlideAjax?,multiple-choice,The Script Include must extend AbstractAjaxProcessor and have 'Client callable' checked,The Script Include must be in the global scope,The Script Include must have the 'Public' access modifier,The Script Include must be attached to the same table as the client script,,,,,,,,,,,,1,"To be called from a client script via GlideAjax, a Script Include must extend AbstractAjaxProcessor and have the 'Client callable' checkbox selected.",CAD
A developer creates a Script Include called 'IncidentUtils' with a method 'getHighPriority()'. How would they call this from a business rule?,multiple-choice,var util = new IncidentUtils(); util.getHighPriority();,IncidentUtils.getHighPriority();,gs.include('IncidentUtils').getHighPriority();,var util = GlideScriptInclude('IncidentUtils'); util.getHighPriority();,,,,,,,,,,,,1,"Script Includes are instantiated using the 'new' keyword with the Script Include name, then methods are called on the instance: new IncidentUtils().getHighPriority().",CAD
What is the primary benefit of using Script Includes over writing logic directly in business rules?,multiple-choice,Script Includes execute faster than business rules,Script Includes promote code reusability across multiple scripts,Script Includes can access client-side APIs,Script Includes bypass ACL restrictions,,,,,,,,,,,,2,"Script Includes encapsulate reusable logic that can be called from business rules, scheduled jobs, UI actions, and other server-side scripts, promoting code reuse and maintainability.",CAD
Which property of a Script Include determines if it loads automatically or on demand?,multiple-choice,The 'Active' checkbox,The 'Accessible from' field,The API Name field,The 'Protection policy' field,,,,,,,,,,,,2,The 'Accessible from' field determines the scope accessibility of a Script Include. Script Includes load on demand when instantiated with 'new' - they are not automatically loaded unless explicitly called.,CAD
Where do client-side scripts execute in ServiceNow?,multiple-choice,On the ServiceNow application server,In the user's web browser,On the MID Server,In the ServiceNow database layer,,,,,,,,,,,,2,"Client-side scripts execute in the user's web browser. They generally handle UI modifications such as hiding fields, making fields mandatory, or responding to user interactions on the form.",Scripting & APIs
Which prefix is used to access GlideSystem methods in server-side scripts?,multiple-choice,g_system,glide,gs,g_form,,,,,,,,,,,,3,"GlideSystem methods are accessed using the 'gs' prefix in server-side scripts (e.g., gs.addInfoMessage(), gs.hasRole()). This is the standard shorthand for the GlideSystem class in ServiceNow.",Scripting & APIs
Which GlideSystem method returns the first and last name of the currently logged-in user concatenated together?,multiple-choice,gs.getUserName(),gs.getUserID(),gs.getUserDisplayName(),gs.getUser(),,,,,,,,,,,,3,"gs.getUserDisplayName() returns the currently logged-in user's first and last name concatenated together, providing a human-friendly display of the user's identity without requiring separate calls for first and last name.",Scripting & APIs
"A developer needs to implement a new requirement on the ServiceNow platform. According to ServiceNow customization best practices, what approach should they evaluate first?",multiple-choice,Write a comprehensive server-side script to handle all logic,Determine whether a no-code or low-code solution can meet the requirement,Create a custom scoped application with script includes,Modify the baseline business rule to add the required functionality,,,,,,,,,,,,2,"ServiceNow customization best practices recommend first determining whether a no-code solution (configuration via the UI) can be used. If not, evaluate a low-code solution (minimal scripting). Only if neither approach works should developers resort to more complex scripting, as custom scripts can complicate upgrades between family releases.",Scripting & APIs
Why does ServiceNow provide the gs.nil() method when standard JavaScript already has a nil function?,multiple-choice,gs.nil() is faster and more performant than standard JavaScript nil,gs.nil() handles ServiceNow data types differently than standard JavaScript nil,Standard JavaScript nil does not work at all in ServiceNow server-side scripts,"gs.nil() can only be used within business rules, unlike standard JavaScript nil",,,,,,,,,,,,2,"ServiceNow's gs.nil() method handles data types slightly differently than plain JavaScript's nil function. Due to ServiceNow's special dialect of JavaScript and the way GlideElement objects store field values, gs.nil() provides more reliable empty/null checking for ServiceNow record fields.",Scripting & APIs
Which of the following are valid scenarios for using scripting in ServiceNow? (Select all that apply),multiple-choice,Adding new functionality that cannot be achieved through configuration,Replacing an existing access control rule with a simpler script-based implementation,Automating a manual process within the platform,Interacting with third-party applications to exchange data,,,,,,,,,,,,"1,3,4","Scripting is appropriate when adding new functionality to ServiceNow that cannot be achieved through configuration, automating manual processes to remove the human element, and interacting with third-party applications for data exchange. These are scenarios where configuration alone may not be sufficient.",Scripting & APIs
A developer writes a business rule on the Incident table that needs to set the incident's location to the caller's location when the location field is empty. Which server-side script correctly accomplishes this?,multiple-choice,if (gs.nil(current.location)) { current.location.setValue(current.caller_id.location); },"if (g_form.getValue('location') == '') { g_form.setValue('location', current.caller_id.location); }",if (current.location == null) { current.location = gs.getUser().getLocation(); },if (gs.nil(current.location)) { current.location = current.caller_id.getDisplayValue(); },,,,,,,,,,,,1,"This script uses gs.nil() to check if the location field is empty, then uses dot walking (current.caller_id.location) to traverse the reference field to the caller's user record and access their location, and setValue() to set the field value server-side. This is the exact pattern demonstrated in the GlideSystem course content.",Scripting & APIs
A developer is writing a business rule that needs to display an informational message showing the logged-in user's full name and verify whether they have the 'itil' role. Which GlideSystem methods should the developer use? (Select all that apply),multiple-choice,gs.getUserDisplayName(),gs.hasRole('itil'),g_user.hasRole('itil'),gs.getUserName(),,,,,,,,,,,,"1,2","gs.getUserDisplayName() returns the user's first and last name concatenated (full name), and gs.hasRole('itil') checks if the currently logged-in user has the itil role. Both are server-side GlideSystem methods appropriate for use in business rules.",Scripting & APIs
What is the correct order of steps when building a GlideRecord query in ServiceNow?,multiple-choice,"Create the GlideRecord object, execute the query, add query conditions, process the returned records","Add query conditions, create the GlideRecord object, execute the query, process the returned records","Create the GlideRecord object, add query conditions, execute the query, process the returned records","Execute the query, create the GlideRecord object, add query conditions, process the returned records",,,,,,,,,,,,3,"The four steps to creating a GlideRecord query are: (1) create the GlideRecord object by instantiating it with the table name, (2) add query conditions using methods like addQuery, (3) execute the query using the query() method, and (4) process the returned records using next() or hasNext(). See",Scripting & APIs
"When using the GlideRecord addQuery method, what does the system assume if no operator is specified between the field name and the value?",multiple-choice,The query throws a syntax error,The system assumes a CONTAINS operator,The system assumes an equality (=) operator,The system assumes a LIKE operator,,,,,,,,,,,,3,"When the operator is omitted from the addQuery method, the system automatically assumes equality. For example, addQuery('category', 'Hardware') is equivalent to addQuery('category', '=', 'Hardware'). See",Scripting & APIs
A developer writes a GlideRecord script using while(gr.hasNext()) to iterate through query results. What is the expected outcome?,multiple-choice,Only the first record in the result set is processed,The script processes all records but skips every other record,The script enters an infinite loop,The script processes all returned records normally,,,,,,,,,,,,3,"Using while with hasNext() causes an infinite loop because hasNext() checks if a next record exists but does not advance the pointer to it. The pointer never moves forward, so hasNext() always returns true. The correct approach is while(gr.next()), which both checks for and advances to the next record. See",Scripting & APIs
Which of the following approaches can be used to determine the number of records returned by a GlideRecord query? (Select all that apply),multiple-choice,Use the getRowCount() method on the GlideRecord object,Use a GlideAggregate query with a COUNT aggregate,Use the getRecordCount() method on the GlideRecord object,Use the length property on the GlideRecord object,,,,,,,,,,,,"1,2","ServiceNow provides two approaches to count returned records: getRowCount() on the GlideRecord object, and GlideAggregate with a COUNT aggregate type. While getRowCount() requires less code, it has significant performance impact on large tables because it retrieves rows one by one. GlideAggregate is recommended for tables with more than 100 records or tables that grow continuously. See",Scripting & APIs
A developer needs to build a GlideRecord query with complex conditions involving date comparisons and reference field lookups. The developer wants the fastest method to construct this query. What is the recommended approach?,multiple-choice,Use multiple addQuery() and addOrCondition() methods chained together in the script,Use the addEncodedQuery() method with a query string copied from the list view Condition Builder,Use the get() method with the sys_id of each matching record,Use GlideAggregate with groupBy to filter the complex conditions,,,,,,,,,,,,2,"The addEncodedQuery() method is the best option for complex queries, especially those involving dates and reference fields. Developers can build the query visually using the list view Condition Builder, right-click the breadcrumb to select 'Copy Query', and paste the encoded string into addEncodedQuery(). This passes all WHERE clauses as a single argument. See",Scripting & APIs
What is the primary difference between GlideRecordSecure and GlideRecord in ServiceNow?,multiple-choice,GlideRecordSecure supports client-side execution while GlideRecord is server-side only,GlideRecordSecure performs the same functions as GlideRecord but also enforces access control rules,GlideRecordSecure provides encrypted database connections while GlideRecord does not,GlideRecordSecure is used exclusively in scoped applications while GlideRecord is for global scope,,,,,,,,,,,,2,"GlideRecordSecure is inherited from GlideRecord and performs the same functions, but additionally enforces access control rules. Non-writable fields are set to null when writing, and if an element cannot be read due to ACL restrictions, a null value is created in memory for that record. See",Scripting & APIs
How does a subflow differ from a flow in ServiceNow Flow Designer?,multiple-choice,"A subflow requires a trigger and at least two actions, while a flow requires only one action","A subflow is a sequence of reusable actions that can be started from a flow, another subflow, or a script, and does not require a trigger","A subflow can only be used within playbooks, while a flow can be used anywhere in the platform",A subflow is a read-only template provided by ServiceNow that cannot be customized,,,,,,,,,,,,2,"A subflow is a sequence of reusable actions that can be started from a flow, a subflow, or a script. Unlike flows, subflows do not require a trigger — they are called by other automation components. Subflows can also be used to group together common actions and brought into a flow like a template. See",Scripting & APIs
"A developer needs to count incident records matching specific criteria on a production table containing over 500,000 records. Which of the following statements about counting approaches are correct? (Select all that apply)",multiple-choice,"getRowCount() retrieves rows one by one and increments a counter, which has a significant performance impact on large tables",GlideAggregate results in faster execution and should be used when the expected record count exceeds 100 or on continuously growing tables,getRowCount() is the recommended approach for production tables with large amounts of data,GlideAggregate requires less code to implement than getRowCount(),,,,,,,,,,,,"1,2","getRowCount() retrieves rows one by one and increments a counter, which causes significant performance issues on large tables. GlideAggregate results in faster execution and is the recommended method when the number of records returned is greater than 100 or for tables that grow continuously. For a production table with 500,000+ records, GlideAggregate is clearly the correct choice. See",Scripting & APIs
What is the primary specialty of a UI policy in ServiceNow?,multiple-choice,Executing server-side GlideRecord queries when a form loads,"Toggling field attributes such as mandatory, visible, and read-only",Sending notifications when a record is submitted,Validating records before they are saved to the database,,,,,,,,,,,,2,"UI policies specialize in toggling one or more of three field attributes: mandatory/optional, visible/hidden, and read-only/editable. They can do this without any JavaScript by using UI policy actions.",Scripting & APIs
"When configuring an onChange client script, which additional trigger field must be specified that is not required by other client script types?",multiple-choice,The table name,The field name to monitor,The view name,The application scope,,,,,,,,,,,,2,"An onChange client script requires specifying which field to monitor for changes. Without setting the field name, the script will never fire as expected.",Scripting & APIs
Why does a UI policy in advanced view provide two separate scripting fields — 'Execute if true' and 'Execute if false'?,multiple-choice,One field is for client-side script and the other is for server-side script,"ServiceNow cannot determine the opposite of custom script logic, so developers must define both behaviors",One field runs during form load and the other runs on form submission,One field is for synchronous execution and the other is for asynchronous execution,,,,,,,,,,,,2,"Unlike UI policy actions where ServiceNow can easily reverse a Boolean (e.g., mandatory back to optional), ServiceNow cannot read custom JavaScript and work out the opposite intent. Therefore, developers must write separate scripts for when the condition is true and when it is false.",Scripting & APIs
Which of the following capabilities are exclusive to client scripts and NOT available in UI policies? (Select all that apply),multiple-choice,Executing script when a record is submitted,Using the filter condition builder to define conditions,Executing from a list view,"Toggling field mandatory, visible, and read-only attributes without JavaScript",,,,,,,,,,,,"1,3",Only client scripts can execute on record submission (onSubmit type) and from a list view (onCellEdit type). UI policies cannot fire on submission and do not operate on lists.,Scripting & APIs
"When writing server-side scripts in ServiceNow, which API becomes available to replace the client-side GlideForm and GlideUser APIs?",multiple-choice,GlideRecord,GlideSystem,GlideAjax,GlideElement,,,,,,,,,,,,2,"When switching to server-side scripting, the available APIs change. GlideForm (g_form) and GlideUser (g_user) are no longer available; instead, GlideSystem (gs) provides server-side utility methods.",Scripting & APIs
"A developer needs to display the requesting user's manager email address on an incident form, but this data is not included with the default form payload. Which approach should the developer use?",multiple-choice,Write an onChange client script to query the database directly using client-side GlideRecord,Create a display business rule that writes the data to the g_scratchpad object,Configure a before business rule to populate a custom form field,Use a UI policy action to retrieve the data from the server,,,,,,,,,,,,2,Display business rules write to the g_scratchpad object to send additional server data to the client that would not ordinarily be included with the form. The scratchpad data is then accessible to client scripts and UI policies.,Scripting & APIs
Which of the following correctly describe the execution timing of business rule types in ServiceNow? (Select all that apply),multiple-choice,Before business rules fire after a database operation is attempted but before the record is committed to the database,Display business rules fire after the database query completes but before any onLoad client scripts execute,After business rules fire before the record reaches the database,Async business rules execute synchronously in a linear fashion with other business rules,,,,,,,,,,,,"1,2","Before business rules fire once a database save is attempted but before the record is actually committed, making them ideal for validation. Display business rules fire after the query completes and the form begins rendering, but before onLoad client scripts fire, giving client scripts access to the scratchpad data.",Scripting & APIs
A developer working in a scoped application needs to retrieve data from the server within a client script to populate a field on a form. Which technique should the developer use?,multiple-choice,Use a client-side GlideRecord query directly in the client script,Switch the application to global scope to enable client-side GlideRecord,Use a GlideAjax call to invoke a server-side script include,"Use the g_form.getReference() method, which is unrestricted in scoped apps",,,,,,,,,,,,3,"In scoped applications, client-side GlideRecord is not available. The recommended approach for performing server-side lookups from a client script is to use GlideAjax, which calls a server-side script include and returns the results asynchronously.",Scripting & APIs
Which GlideSystem methods display messages directly on the user's form rather than writing to the system log? (Choose two.),multiple-choice,gs.addInfoMessage(),gs.info(),gs.addErrorMessage(),gs.log(),,,,,,,,,,,,"1,3","gs.addInfoMessage() and gs.addErrorMessage() display messages at the top of the form visible to the user. In contrast, gs.info() and gs.log() write to the system log (syslog) table which is only visible to administrators.",Scripting & APIs
A developer needs to count the total number of active incidents assigned to a specific group without loading all records into memory. Which API should they use?,multiple-choice,GlideRecord with getRowCount(),GlideAggregate with addAggregate('COUNT'),GlideSystem with gs.getProperty(),GlideRecord with a while loop counter,,,,,,,,,,,,2,"GlideAggregate is specifically designed for aggregate database operations (COUNT, SUM, MIN, MAX, AVG) without loading individual records. It performs the calculation at the database level, making it far more efficient than retrieving records and counting them.",Scripting & APIs
What is the difference between getValue() and getDisplayValue() when called on a reference field in a GlideRecord?,multiple-choice,getValue() returns the display name; getDisplayValue() returns the sys_id,getValue() returns the sys_id; getDisplayValue() returns the human-readable display value,Both methods return the same value for reference fields,getValue() returns the full GlideRecord; getDisplayValue() returns a string,,,,,,,,,,,,2,"For reference fields, getValue() returns the sys_id of the referenced record, while getDisplayValue() returns the display value (typically the name field) of that record. This distinction is critical when building queries vs displaying data to users.",Scripting & APIs
A developer needs to query all incidents with priority 1 OR priority 2. Which GlideRecord approach is correct?,multiple-choice,"gr.addQuery('priority', '1'); gr.addQuery('priority', '2');","gr.addQuery('priority', '1').addOrCondition('priority', '2');","gr.addQuery('priority', '1 OR 2');","gr.addOrQuery('priority', '1', '2');",,,,,,,,,,,,2,"addQuery() returns a GlideQueryCondition object. Calling addOrCondition() on that object creates an OR relationship. The first addQuery() returns the condition, and addOrCondition() adds an alternative match.",Scripting & APIs
Which statement about GlideAjax is correct?,multiple-choice,GlideAjax calls execute synchronously and block the browser UI,GlideAjax enables asynchronous communication from client scripts to server-side Script Includes,GlideAjax can only be used in business rules,GlideAjax replaces the need for REST API integrations,,,,,,,,,,,,2,"GlideAjax provides asynchronous client-to-server communication. A client script uses GlideAjax to call a server-side Script Include that extends AbstractAjaxProcessor, and receives the response via a callback function without blocking the UI.",Scripting & APIs
Which GlideRecord method should a developer use to check if a query returned any results before processing records?,multiple-choice,gr.hasResults(),gr.hasNext(),gr.getRowCount() > 0,gr.isEmpty(),,,,,,,,,,,,2,"hasNext() returns true if there are more records to iterate over. After calling query(), using hasNext() before next() is the recommended way to check if any records matched. This avoids loading all records just to check existence.",Scripting & APIs
A developer needs to get the display value of a reference field called 'assigned_to' in a server-side script. Which method should they use?,multiple-choice,current.assigned_to,current.assigned_to.getDisplayValue(),current.getDisplayValue('assigned_to'),current.assigned_to.toString(),,,,,,,,,,,,2,"The getDisplayValue() method on a reference field's GlideElement returns the display value of the referenced record, typically the name field.",CAD
Which TWO of the following are valid ways to query records using GlideRecord in a server-side script? (Choose 2),multiple-choice,"gr.addQuery('active', true); gr.query();","gr.find('active', true);",gr.addEncodedQuery('active=true'); gr.query();,"gr.select('active', true);",,,,,,,,,,,,"1,3","Both addQuery() and addEncodedQuery() are valid methods to build queries on a GlideRecord. addQuery() takes field, operator, and value parameters, while addEncodedQuery() takes a URL-encoded query string.",CAD
Which API is used to make outbound REST calls from a server-side script in ServiceNow?,multiple-choice,GlideHTTPClient,RESTMessageV2,GlideURLRequest,sn_ws.SOAPMessageV2,,,,,,,,,,,,2,RESTMessageV2 (sn_ws.RESTMessageV2) is the server-side API used to make outbound REST API calls from ServiceNow scripts.,CAD
A developer wants to display an informational message to the user after a form is submitted and reloaded. Which method should they use in a business rule?,multiple-choice,gs.addInfoMessage(),gs.print(),g_form.addInfoMessage(),gs.log(),,,,,,,,,,,,1,gs.addInfoMessage() displays a blue informational message on the next page load. It is available in server-side scripts like business rules.,CAD
Which field is used to identify a UI Policy instead of a Name field?,multiple-choice,Label,Short description,Title,Display name,,,,,,,,,,,,2,"UI Policies do not have a Name field. Instead, they use the Short description field, which can hold up to 255 characters and should describe what the UI policy does (e.g., 'If category is software, then subcategory is mandatory').",UI Policies & Actions
In what order do UI policies execute relative to client scripts on a form?,multiple-choice,Before client scripts,At the same time as client scripts,After client scripts,The order depends on the Order field value set on each,,,,,,,,,,,,3,"UI policies always execute after client scripts on a form. This is important to understand because if both a client script and a UI policy affect the same field, the UI policy will take effect last.",UI Policies & Actions
What is the effect of selecting the 'Reverse if false' checkbox on a UI Policy?,multiple-choice,It prevents the UI policy from executing when conditions are false,It reverses the UI policy actions and executes the 'Execute if false' script when conditions evaluate to false,It reverses the condition logic so the UI policy triggers on the opposite condition,It automatically creates a duplicate UI policy with the inverse condition,,,,,,,,,,,,2,"When the 'Reverse if false' checkbox is selected, the UI policy actions are reversed and the 'Execute if false' script runs when the UI policy conditions evaluate to false. This allows developers to define both true and false behaviors within a single UI policy.",UI Policies & Actions
Why does ServiceNow recommend using a UI Policy instead of a client script when both can accomplish the same task?,multiple-choice,UI policies execute faster and improve page load performance,UI policies have access to more APIs than client scripts,UI policies are typically unscripted and easier to maintain,UI policies can also run on the server side for data consistency,,,,,,,,,,,,3,"ServiceNow recommends UI policies over client scripts when both can achieve the same result because UI policies are usually unscripted. They use the Condition builder and UI policy actions, making them easier to maintain—especially for less technical administrators who may not know how to script.",UI Policies & Actions
Which of the following scenarios require using a client script instead of a UI policy? (Select all that apply),multiple-choice,Making a field mandatory based on the value of another field,Executing validation logic when a form is submitted,Accessing a field's previous value before a change was made,Setting a field to read-only based on a condition,,,,,,,,,,,,"2,3",Client scripts are required when executing logic on form save/submit (onSubmit type) and when accessing a field's old value before a change (using the oldValue parameter in onChange scripts). These capabilities are not available in UI policies.,UI Policies & Actions
"A developer needs to ensure that when the Priority field on the Incident form is set to Critical, the Description field becomes mandatory and a message is displayed. If the Priority is not Critical, the Description should not be mandatory and no message should appear. How should the developer configure this?",multiple-choice,Create two separate UI policies—one for the Critical condition and one for the non-Critical condition,"Create a single UI policy with the condition Priority is Critical, configure UI policy actions and scripts, and enable the 'Reverse if false' checkbox",Create an onLoad client script that checks the Priority field and uses g_form.setMandatory(),Create a business rule that sets the Description field mandatory attribute on the server side,,,,,,,,,,,,2,"The correct approach is to create a single UI policy with the condition Priority is Critical, set the UI policy action to make Description mandatory, enable 'Run scripts' to display the message in 'Execute if true', and check 'Reverse if false' so the actions are reversed and the 'Execute if false' script handles the non-Critical scenario.",UI Policies & Actions
What does the 'Global' checkbox on a UI Policy control?,multiple-choice,Whether the UI policy applies to all tables in the instance,Whether the UI policy applies to all form views,Whether the UI policy is available across all application scopes,Whether the UI policy inherits to all extended tables,,,,,,,,,,,,2,"The Global checkbox on a UI Policy determines whether the policy applies to all form views. When checked, the UI policy applies globally across all views. When unchecked, the developer must specify the particular form view name the UI policy should execute against.",UI Policies & Actions
A developer is reviewing their instance's UI Policies to optimize performance and maintainability. Which of the following are ServiceNow recommended best practices for UI Policies? (Select all that apply),multiple-choice,Use the Condition builder instead of scripting for UI policy conditions whenever possible,Always enable the 'On load' checkbox to ensure the UI policy fires immediately when the form opens,Provide a descriptive Short description that clearly explains what the UI policy does,Create as many UI policies as possible to handle every possible field combination on a form,,,,,,,,,,,,"1,3","ServiceNow recommends using the Condition builder instead of scripting whenever possible, as it is easier to maintain. Additionally, providing a clear, descriptive Short description is essential so that other administrators can quickly understand the purpose of each UI policy.",UI Policies & Actions
What determines whether a UI policy defined on a parent table is applied to an extended (child) table?,multiple-choice,UI policies are always automatically inherited by all child tables,A field on the UI policy record controls whether it is inherited by child tables,Only UI policies with scripting enabled can be inherited,UI policies are never inherited and must be recreated on each child table,,,,,,,,,,,,2,Each UI policy record has an 'Inherit' field that determines whether the policy will be inherited by extended (child) tables. This gives administrators granular control over which client-side customizations propagate to child tables.,UI Policies & Actions
"How can a developer quickly view all UI policies, business rules, client scripts, and other customizations configured on a specific table?",multiple-choice,Navigate to System Definition > Tables & Columns and filter by table name,"Right-click the form header, select Configure > All to see a page of related lists",Open the Application Navigator and search for 'table customizations',Use the System Diagnostics > Table Inspector module,,,,,,,,,,,,2,"Right-clicking the form header (or accessing the context menu) and selecting Configure > All displays a page of related lists showing the business logic and customizations on that table, including UI policies, business rules, client scripts, and more. This is valuable for troubleshooting unexpected behavior.",UI Policies & Actions
"When extending a table in ServiceNow, how does the inheritance of server-side customizations (such as business rules) compare to client-side customizations (such as UI policies)?",multiple-choice,Both server-side and client-side customizations are always fully inherited by child tables,"Server-side customizations are inherited automatically, while client-side customizations like UI policies may or may not be inherited depending on a per-record setting","Client-side customizations are always inherited, but server-side customizations require manual configuration",Neither server-side nor client-side customizations are inherited; all must be recreated on child tables,,,,,,,,,,,,2,"When extending a table, server-side customizations like business rules and access controls are automatically inherited by the child table. Client-side customizations such as UI policies and client scripts have a configurable 'Inherit' field on each record that determines whether they propagate to child tables.",UI Policies & Actions
A developer is troubleshooting unexpected form behavior on a custom table that extends the Task table. Which of the following can be reviewed from the table's Configure > All page to identify the source of the issue? (Select all that apply),multiple-choice,UI policies that may be setting field visibility or mandatory status,Business rules executing server-side logic on record changes,Client scripts running on form load or field change,The table's data rows and individual record values,,,,,,,,,,,,"1,2,3","The Configure > All page displays related lists of the customizations and business logic on a table, including UI policies, business rules, client scripts, access controls, and other artifacts. This makes it a valuable troubleshooting tool for understanding what logic is acting on a table. It does not display the table's actual data records.",UI Policies & Actions
A developer creates a new Loaner Request table by extending the Task table. Several UI policies on the Task table control field visibility and mandatory settings. The developer notices that some Task UI policies appear on the Loaner Request form but others do not. What is the most likely explanation?,multiple-choice,UI policies on extended tables are randomly inherited based on system load,Only UI policies created after the child table was created are inherited,"The missing UI policies have their Inherit field set to false on the Task table, preventing propagation to child tables",The Loaner Request table's application scope blocks all parent UI policies by default,,,,,,,,,,,,3,"Each UI policy record has an 'Inherit' field. When set to true, the UI policy propagates to child (extended) tables. If some Task UI policies appear on the Loaner Request form and others do not, it is because the missing policies have their Inherit field set to false.",UI Policies & Actions
What is the key advantage of using a UI Policy instead of a Client Script for making a field mandatory based on another field's value?,multiple-choice,UI Policies run on the server side for better security,UI Policies can achieve this without writing any JavaScript code,UI Policies support asynchronous execution,UI Policies can modify database records directly,,,,,,,,,,,,2,"UI Policies provide a no-code interface for common form manipulations like making fields mandatory, read-only, or visible/hidden based on conditions. This can be configured entirely through the condition builder and UI Policy Actions without JavaScript.",UI Policies & Actions
Which of the following actions can be configured in a UI Policy Action without scripting? (Choose three.),multiple-choice,Make a field mandatory,Make a field read-only,Set a field's value to a specific string,Make a field visible or hidden,Send an email notification,,,,,,,,,,,"1,2,4","UI Policy Actions support three form manipulation actions without code: setting a field as mandatory (true/false), read-only (true/false), and visible (true/false). These are the core form UI controls.",UI Policies & Actions
A UI Policy and a UI Policy Action both affect the 'mandatory' setting of the same field but with conflicting values. What determines the outcome?,multiple-choice,The Client Script always takes precedence,The UI Policy with the higher Order value takes precedence,The UI Policy with the lower Order value takes precedence,The last UI Policy to evaluate wins regardless of Order,,,,,,,,,,,,2,"When multiple UI Policies conflict, the one with the higher Order number takes precedence (executes last and wins). This is the opposite of Client Scripts where lower Order executes first. The higher-ordered UI Policy's settings override earlier ones.",UI Policies & Actions
A developer needs to ensure that a field is mandatory both when users fill out forms AND when records are updated via import sets or web services. Which approach should they use?,multiple-choice,A UI Policy with 'Apply to all views' checked,A Client Script with the Inherited checkbox,A Data Policy with the 'Apply to import sets' option enabled,A UI Action with mandatory validation,,,,,,,,,,,,3,"Data Policies enforce field constraints server-side, including for non-UI operations like import sets, web services, and APIs. UI Policies only affect form-based interactions. Data Policies ensure data integrity regardless of how the record is created or updated.",UI Policies & Actions
A form has both a UI Policy making a field read-only and a client script setting the same field to writable. Which takes precedence?,multiple-choice,The client script always overrides UI Policies,The UI Policy takes precedence because it runs after client scripts,"The last one to execute takes precedence, based on order",UI Policies with 'Reverse if false' enabled always win,,,,,,,,,,,,3,"Both UI Policies and client scripts manipulate the form DOM. The last one to execute will determine the final state. UI Policies typically run after onLoad client scripts, but the execution order depends on configuration.",CAD
What does the 'Reverse if false' option do on a UI Policy?,multiple-choice,Deletes the UI Policy if its conditions are never met,Reverses the UI Policy actions when the conditions are no longer true,Applies the opposite actions when the form first loads,Prevents the UI Policy from running on insert operations,,,,,,,,,,,,2,"'Reverse if false' automatically reverses the UI Policy actions (e.g., if the policy made a field mandatory, it becomes non-mandatory) when the conditions are no longer met.",CAD
A developer needs to hide a section on a form when the State is 'Closed'. What is the recommended approach?,multiple-choice,Create a UI Policy with condition State = Closed and a UI Policy Action to hide the section,Write an onLoad client script to check state and hide the section element,Create an ACL to restrict access to the section,Use a UI Macro to conditionally render the section,,,,,,,,,,,,1,UI Policies are the recommended no-code approach for conditionally showing/hiding form sections. Create a UI Policy with the condition and add a UI Policy Action targeting the section.,CAD
Which TWO actions can a UI Policy Action perform on a form field? (Choose 2),multiple-choice,Set the field value to a specific string,Make the field mandatory,Change the field's data type,Make the field read-only,,,,,,,,,,,,"2,4","UI Policy Actions can set a field's mandatory, visible, and read-only properties. Making a field mandatory and read-only are two of the three core actions.",CAD