Question,Question Type (multiple-choice or multi-select),Answer Option 1,Answer Option 2,Answer Option 3,Answer Option 4,Answer Option 5,Answer Option 6,Answer Option 7,Answer Option 8,Answer Option 9,Answer Option 10,Answer Option 11,Answer Option 12,Answer Option 13,Answer Option 14,Answer Option 15,Correct Response,Explanation,Knowledge Area
"In the CSDM Foundation domain, what is the primary purpose of the lifecycle stage and stage status attributes introduced in CSDM 4?",multiple-choice,To replace all existing CI attributes with a single status field,"To provide standardized, non-customizable lifecycle tracking for assets and CIs",To allow customers to create unlimited custom status values,To sync status values automatically between different ServiceNow instances,,,,,,,,,,,,2,"The lifecycle stage and stage status attributes were introduced in CSDM 4 to solve the problem of having nine different state/status attributes that didn't sync well, and over 50% of customers customizing them. The new attributes are standardized and non-customizable to ensure ServiceNow can develop consistent functionality around them.",Configuration
Why is the Business Process CI class placed in the Foundation domain rather than other CSDM domains?,multiple-choice,Because business processes are always created before any other CIs,"Because it can reference objects outside the CMDB, such as locations and users",Because it is the most commonly used CI class in ServiceNow,Because business processes do not have relationships with other CIs,,,,,,,,,,,,2,"The Business Process CI is unique because it can reference multiple elements throughout the entire platform that are not in the CMDB, including locations, documentation, and users critical to the process. This cross-platform referencing capability is why it belongs in the Foundation domain.",Configuration
What is the key difference between lifecycle stages for tangible (physical) CIs versus intangible (logical) CIs in CSDM?,multiple-choice,Tangible CIs have more stages because they require physical disposal at end of life,Intangible CIs have more stages to track software licensing,Both types share identical lifecycle stages and statuses,Only tangible CIs can use the operational stage,,,,,,,,,,,,1,"Tangible/physical CIs (like servers and hardware) include an 'End of Life' stage because they require physical disposal, while intangible/logical CIs (like business services and applications) don't need disposal stages since you don't physically dispose of logical objects.",Configuration
Which of the following are components of Value Streams in the CSDM Foundation domain? (Select all that apply),multiple-choice,Value stream categories (approximately 15 out-of-box),Stages that reference CMDB objects and business capabilities,Direct storage in CMDB tables,Processes linked to each stage,,,,,,,,,,,,"1,2,4","Value streams in CSDM consist of: (1) categories (about 15 out-of-box, based on Harvard research), (2) stages that reference CMDB objects and business capabilities, and (3) processes linked to stages. Value streams do NOT live inside the CMDB but reference objects within it.",Configuration
An organization wants to track that a server is still operational but will be retired in the next quarter. Which lifecycle stage and status combination in CSDM would best represent this scenario?,multiple-choice,End of Operation stage with Pending Retirement status,Operational stage with Pending Retirement status,End of Life stage with Operational status,Build stage with Inventory status,,,,,,,,,,,,2,"When a CI is still operational but scheduled for retirement, it should be in the Operational stage with a Pending Retirement status. This indicates it's still in use ('operational') but has been identified for upcoming retirement. The CSDM provides these 'flavors of operational' to distinguish between active use, pending end of support, and pending retirement.",Configuration
"In the CMDB CI Class Models store app, which parent class does the Nutanix Controller VM [cmdb_ci_nutanix_controller_vm] class extend?",multiple-choice,Virtual Machine Object [cmdb_ci_vm_object],Application [cmdb_ci_appl],Virtual Machine Instance [cmdb_ci_vm_instance],Virtualization Server [cmdb_ci_virtualization_server],,,,,,,,,,,,2,"The Nutanix Controller VM class [cmdb_ci_nutanix_controller_vm] extends the Application [cmdb_ci_appl] class. This is because the Controller VM provides storage clustering and management capabilities on each node, functioning as an application rather than a virtual machine instance.",Configuration
Which table stores technical services in the Manage Technical Services domain of the CSDM framework?,multiple-choice,[cmdb_ci_service_discovered],[cmdb_ci_service_auto],[cmdb_ci_service_technical],[cmdb_ci_query_based_service],,,,,,,,,,,,3,The Technical service table [cmdb_ci_service_technical] is the designated table for storing technical services in the Manage Technical Services domain of the CSDM framework.,Configuration
What is the primary purpose of the Nutanix Storage Container class [cmdb_ci_nutanix_storage_container] in the CMDB?,multiple-choice,To represent the grouping of physical disks within a Nutanix cluster for physical separation between virtual machines,"To represent a subset of a storage pool used to apply policies such as reserved capacity, replication factor, and storage optimization",To manage the Nutanix Controller VM that provides storage clustering capabilities on each node,To represent the physical host infrastructure on which Nutanix virtual machines run,,,,,,,,,,,,2,"The Nutanix Storage Container class represents a subset of the Nutanix storage pool used to apply policies such as reserved capacity, replication factor, and storage optimization options. It extends the Storage Volume [cmdb_ci_storage_volume] class.",Configuration
What restriction applies to CIs that are associated through a Dynamic CI Group in the Manage Technical Services domain?,multiple-choice,Each CI can be associated with a maximum of three Dynamic CI Groups simultaneously,Each CI can be related to only one Technical Service or Technical Service Offering,Each CI must be manually approved before it can be included in a Dynamic CI Group,Each CI must have an active Discovery schedule configured before being added to a group,,,,,,,,,,,,2,"Each CI associated through a Dynamic CI Group can be related to only one Technical Service or Technical Service Offering. Conflicts can result when one service includes multiple offerings with different SLAs, OLAs, Support Groups, and commitments.",Configuration
An organization does not yet have Service Mapping enabled but needs to represent an application service consisting of 12 servers and 3 database instances in ServiceNow. Which approach should they use?,multiple-choice,Create a technical service in the [cmdb_ci_service_technical] table and manually add CI relationships,Create a Dynamic CI Group as a query-based application service to replace manual tracking,Wait until Service Mapping is enabled since application services require Top Down Discovery,Import CI data into the [cmdb_ci_service_discovered] table using a spreadsheet upload,,,,,,,,,,,,2,"When Service Mapping is not yet enabled, a Dynamic CI Group can be used as a query-based application service. The documentation specifically states: 'You don't have Service Mapping enabled yet, but you have 12 servers and three database instances in MyAppServiceProd. You can replace your spreadsheets with a dynamic CI group as an application service.'",Configuration
Which of the following are features that technology consumers can typically select when requesting a technical service offering through the request catalog? (Select TWO),multiple-choice,Level of performance and availability,CMDB class hierarchy and identification rules,Location or geography and environment,Discovery schedule frequency and scan depth,,,,,,,,,,,,"1,3","When requesting technical service offerings through the request catalog, technology consumers can typically select: level of performance, location or geography, environment, pricing, availability, capability, support group (for incident), technical approval group (for change), and packaging options (commitments).",Configuration
"The Nutanix Prism Central class [cmdb_ci_nutanix_prism_central] was added in CMDB CI Class Models Release 1.6.0. What is the role of a Nutanix Prism Central component, and which class does it extend?",multiple-choice,It is a storage clustering controller that extends Application [cmdb_ci_appl],It is a multi-cluster manager for centralized management that extends Virtual Machine Object [cmdb_ci_vm_object],It is a physical host for running virtual machines that extends Virtualization Server [cmdb_ci_virtualization_server],It is a grouping of physical disks for storage that extends Storage Pool [cmdb_ci_storage_pool],,,,,,,,,,,,2,"Nutanix Prism Central extends Virtual Machine Object [cmdb_ci_vm_object] and is described as a multi-cluster manager responsible for managing multiple Acropolis Clusters to provide a single, centralized management interface. It was introduced in Release 1.6.0.",Configuration
A ServiceNow administrator wants to use Dynamic CI Groups in the Manage Technical Services domain. Which of the following are valid use cases for Dynamic CI Groups? (Select TWO),multiple-choice,Replacing spreadsheet-based tracking with a query-based application service when Service Mapping is not yet enabled,Creating nested groups where one Dynamic CI Group contains other CI groups for hierarchical management,Relating a Technical Service Offering to a managed group of infrastructure CIs without manually creating individual relationships,Automatically generating service commitments and SLAs for all CIs in the group based on the parent service,,,,,,,,,,,,"1,3","Two documented use cases for Dynamic CI Groups are: (1) using them as a query-based application service when Service Mapping is not enabled, replacing manual spreadsheet tracking; and (2) relating a Technical Service Offering to a managed group of infrastructure CIs through a single relationship instead of manually creating individual relationships.",Configuration
"In the CSDM Foundation domain, which table stores business process configuration items?",multiple-choice,cmdb_ci_service,cmdb_ci_business_process,ast_contract,cmdb_business_workflow,,,,,,,,,,,,2,"Business processes in the CSDM Foundation domain are stored in the cmdb_ci_business_process table. Business processes are manually-maintained CIs that can track declared and determined criticality as well as impact to confidentiality, integrity, and availability.",Configuration
"In the CMDB CI Class Models store app, which class does the API Gateway [cmdb_ci_api_gateway] class extend?",multiple-choice,Configuration Item [cmdb_ci],API [cmdb_ci_api],Application [cmdb_ci_appl],API Component [cmdb_ci_api_component],,,,,,,,,,,,3,The API Gateway [cmdb_ci_api_gateway] class extends the Application [cmdb_ci_appl] class. This makes sense because an API gateway is an application-level infrastructure component that centralizes client API requests and manages backend processes and services.,Configuration
"How are contracts classified within the CSDM Foundation domain, and where are they stored?",multiple-choice,Contracts are CIs stored in the cmdb_ci_contract table,Contracts are not CIs and are stored in the ast_contract table,Contracts are CIs stored in the cmdb_model table alongside product models,Contracts are not CIs and are stored in the sla_contract table,,,,,,,,,,,,2,"In the CSDM Foundation domain, a contract is explicitly not a CI. Contracts are stored in the [ast_contract] table and use contract model types from the Product Models module. They contain detailed information such as contract number, start/end dates, terms and conditions, and financial terms.",Configuration
What is the relationship between a life cycle stage and a life cycle stage status in the CSDM framework?,multiple-choice,Life cycle stage and life cycle stage status are interchangeable terms that describe the same CI attribute,"Life cycle stage is the particular status within a phase, while life cycle stage status is the broad phase","Life cycle stage is one of the broad phases a CI moves through, while life cycle stage status is the particular status within that stage","Life cycle stage applies only to hardware CIs, while life cycle stage status applies to all CI types",,,,,,,,,,,,3,"A life cycle stage is one of the broad phases that a CI moves through, from inception or procurement to retirement and end of life. Life cycle stage status is the particular status of a CI within its current life cycle stage. For example, a hardware CI in the Operational stage might have statuses such as In Use, In Maintenance, or End of Support.",Configuration
Which of the following is a valid value for the Type attribute on the API [cmdb_ci_api] class?,multiple-choice,MQTT,gRPC,FTP,AMQP,,,,,,,,,,,,2,"The Type attribute on the API [cmdb_ci_api] class is a choice list that includes: REST, SOAP, HTTP, gRPC, GraphQL, and Websocket. gRPC is one of the six valid values for this attribute.",Configuration
Which TWO of the following are base types that product models can be extended into in the CSDM Foundation domain? (Select TWO),multiple-choice,Facility model,Network model,Consumable model,Subscription model,,,,,,,,,,,,"1,3","Product models are extended into seven base types: application model (version agnostic), software model (version specific), contract model, facility model, hardware model, consumable model, and service model. Both facility model and consumable model are among these seven base types.",Configuration
An administrator needs to convert existing CI Install Status values to CSDM life-cycle value pairs so that ServiceNow products can properly recognize legacy CIs. Which module should they use to configure this mapping?,multiple-choice,CMDB > CI Status Converter,CSDM > Life Cycle Mapping,Asset > Life Cycle Configuration,CSDM > Status Migration Wizard,,,,,,,,,,,,2,"The Life Cycle Mapping module (CSDM > Life Cycle Mapping) is used to specify how existing life-cycle values should be converted to CSDM life-cycle value pairs. This mapping ensures ServiceNow products can properly recognize legacy CIs in the environment. Legacy status fields such as CI Install Status, Asset State, and Product Model Status can be mapped to the Life Cycle Stage and Life Cycle Stage Status fields.",Configuration
A ServiceNow administrator is configuring API CI relationships in the CMDB using the API extension classes. Which TWO of the following are correctly defined relationship structures? (Select TWO),multiple-choice,"API Gateway 'Provides::Provided By' Managed API, with a Dependent relationship type","API Frontend 'Contains::Contained by' API Backend, with a Dependent relationship type","API 'Uses::Used by' API Component, with a Suggested relationship type","API Component 'Depends on::Used by' API Gateway, with a Suggested relationship type",,,,,,,,,,,,"1,3","The API extension classes define specific relationship structures: API [cmdb_ci_api] has a 'Uses::Used by' relationship with API Component [cmdb_ci_api_component] with a Suggested relationship type, and API Gateway [cmdb_ci_api_gateway] has a 'Provides::Provided By' relationship with Managed API [cmdb_ci_managed_api] with a Dependent relationship type. These are two of the four key API relationships defined in the CMDB CI Class Models store app.",Configuration
Which system property controls whether CI Form is used for viewing CI details in CMDB Workspace?,multiple-choice,sn_cmdb_ws.ci_form.enabled,sn_cmdb_ws_explore_ci.record.enabled,cmdb.workspace.ci_details.view,sn_cmdb_ws.record.form_view,,,,,,,,,,,,2,"The system property sn_cmdb_ws_explore_ci.record.enabled controls whether the CI Form feature is used for viewing CI details in CMDB Workspace. By default it is set to true, enabling the CI Form experience.",Configuration
Which CSDM domain contains base data that must be populated before you can use ServiceNow products or add data to the CMDB?,multiple-choice,Design domain,Build domain,Foundation domain,Manage Technical Services domain,,,,,,,,,,,,3,The Foundation domain involves tables that contain base data referenced from or to objects in the other CSDM domains. Foundation data is required before you can use ServiceNow products or add data to the CMDB.,Configuration
A CI timeline in CMDB Workspace fails to load for a particular CI. What is a possible cause of this behavior?,multiple-choice,The CI has no associated change requests in the last 30 days,The number of history activities for the CI exceeds 200,The user does not have the cmdb_admin role,CMDB 360 has not been enabled for the instance,,,,,,,,,,,,2,"A CI timeline in CMDB Workspace fails to load when the number of any activity type exceeds its threshold. The threshold for history activities is 200. Other thresholds include incidents (100), requests (50), and total events (200).",Configuration
"Why can't CIs in the CSDM Design domain be selected for Incident, Problem, or Change Management?",multiple-choice,They are classified as retired CIs with no active lifecycle state,They represent non-operational design and planning artifacts,They require additional ITOM licensing to become operational,They are stored in read-only CMDB tables that prevent association,,,,,,,,,,,,2,"CIs in the Design domain aren't operational because they support the design and planning of digital products. Since they are non-operational, they cannot be selected for Incident Management, Problem Management, or Change Management.",Configuration
Which of the following are standard views available in CMDB Workspace? (Select TWO),multiple-choice,CMDB 360,Service Mapping,Discovery Dashboard,My Work,,,,,,,,,,,,"1,4","CMDB Workspace provides five standard views: Home, My Work, CMDB 360, Insights, and Management. CMDB 360 provides aggregations and analysis of CMDB 360 data, while My Work is used to manage tasks related to data compliance such as attestation and certification tasks.",Configuration
"An organization needs to represent deployed application stacks that can be used in Incident, Problem, and Change Management, created separately for each region and environment (Development, QA, Production). Which CSDM service type should they use?",multiple-choice,Business service,Application service,Technical service,Digital product service,,,,,,,,,,,,2,"Application services are logical representations of a deployed application stack. They are operational CIs used in Incident, Problem, and Change Management, and can be created for each region and each environment (Development, QA, and Production).",Configuration
How do business services and technical services differ in the CSDM framework?,multiple-choice,"Business services are non-operational CIs, while technical services are operational CIs","Business services are consumer/seller-focused, while technical services are provider-focused","Business services support hierarchical structures, while technical services do not","Business services are managed by ITOM products, while technical services are managed by CSM",,,,,,,,,,,,2,"In the CSDM framework, a business service must be focused on the consumer or seller, while technical services must be provider-focused and include the technology provided for the business to consume or sell. Both are operational CIs.",Configuration
An administrator needs to both save changes to CI attributes and delete CI records from within CMDB Workspace. Which role requirements must be met? (Select TWO),multiple-choice,CMDB Admin role for saving CI attribute changes,CMDB Editor role for saving CI attribute changes,CMDB Admin role for deleting CI records,itil role for deleting CI records,,,,,,,,,,,,"1,3","In CMDB Workspace, only the CMDB Admin role can save changes to CI attributes and perform delete operations on CI records via the More Actions menu. CMDB Editor and CMDB User roles can access CI details but cannot save or delete.",Configuration
What is the primary purpose of the Common Service Data Model (CSDM)?,multiple-choice,To replace the CMDB with a new database structure,To provide guidance on where to place data in ServiceNow for maximum value,To install new applications that manage service data,To create custom tables for each customer's unique needs,,,,,,,,,,,,2,"CSDM is guidance on where to put data inside of ServiceNow to get the most value out of your investment. It is not a SKU or product to purchase, but free guidance on data placement and structure.",CSDM Fundamentals
What is 'technical debt' in the context of CSDM implementation?,multiple-choice,The cost of purchasing ServiceNow licenses,The effort required to rework customizations that don't align with CSDM standards,The time needed to train users on new features,The budget allocated for IT infrastructure upgrades,,,,,,,,,,,,2,"Technical debt in CSDM context refers to the cost and effort required to rework customizations that don't follow CSDM guidance. When organizations create customizations instead of using out-of-box capabilities, they accumulate technical debt that prevents them from leveraging new platform capabilities.",CSDM Fundamentals
Which three pillars are essential for managing data successfully according to CSDM? (Select all that apply),multiple-choice,Ingest - bringing data into the system,Govern - managing data lifecycle and structure,Insight - using data for operational and strategic activities,Export - sending data to external systems,,,,,,,,,,,,"1,2,3","The three key pillars for managing data successfully in CSDM are: Ingest (bringing data in from automation or manual sources), Govern (managing the lifecycle and structure of data with CSDM at the center), and Insight (using the data for operational, planning, and strategic activities).",CSDM Fundamentals
What is the key difference between the Application table (cmdb_ci_appl) and the Business Application table in ServiceNow?,multiple-choice,They are the same table with different labels,Application is for discovered software installations; Business Application is for the portfolio of applications,Business Application is for internal apps; Application is for external apps,Application requires a license; Business Application is free to use,,,,,,,,,,,,2,"The Application table (cmdb_ci_appl) is populated by Discovery with installed software (bits and bytes) found on hosts. The Business Application table represents your organization's portfolio of applications for planning and enterprise architecture purposes, and is version-agnostic.",CSDM Fundamentals
What is an Application Service in CSDM and why is it considered one of the most important objects?,multiple-choice,A cloud-hosted application that ServiceNow manages,A deployed instance of a business application used for operational impact analysis,A service ticket category for application-related issues,A backup copy of a business application for disaster recovery,,,,,,,,,,,,2,"Application Service represents a deployed instance of a business application (e.g., dev, QA, prod environments). It's critical because it's the operational CI used in incident, problem, and change management for impact analysis - showing what business services are affected when technology has issues.",CSDM Fundamentals
What is the purpose of the Ideation and Strategy domain introduced in CSDM 5?,multiple-choice,To manage incident tickets related to strategy meetings,To capture product ideas and strategic planning before development begins,To store user feedback after services are deployed,To track service level agreements for strategic services,,,,,,,,,,,,2,"The Ideation and Strategy domain is new in CSDM 5 and captures where ideas begin. It includes product ideas, strategic planning objects like mission, vision, and value identification, and goals - enabling better business decisions about what to green-light or hold off.",CSDM Fundamentals
What does the Business Capability object in the Design and Planning domain represent?,multiple-choice,The technical specifications of a software application,"What your company does, decomposed into subcapabilities for planning",The list of users who can access business applications,The hardware capacity requirements for running services,,,,,,,,,,,,2,"Business Capability represents what your company does and is used in capability-based planning. It can be decomposed into subcapabilities and helps identify people, processes, and technology needed to do work. This is used for strategic planning decisions about technology or skill investments.",CSDM Fundamentals
"Which attribute has replaced the 'use_for' field for identifying CI environments (dev, QA, prod) in CSDM?",multiple-choice,lifecycle_stage,environment,install_status,stage_status,,,,,,,,,,,,2,"The 'use_for' attribute was historically used to identify environments (dev, QA, prod) but was not available on all CIs. It has been replaced by the 'environment' attribute, which provides consistent environment identification across all CI types.",CSDM Fundamentals
What capability has replaced the use of cmdb_real_group and cmdb_real_group_type tables for identifying groups responsible for CIs?,multiple-choice,Assignment Groups,TEAMs,Support Groups,CI Relationships,,,,,,,,,,,,2,"TEAMs is a related list capability on CIs that identifies the unique groups responsible for various elements of a CI - support group, managed group, change group, vulnerability group, development group, etc. It replaces the previous cmdb_real_group and cmdb_real_group_type tables.",CSDM Fundamentals
Why should organizations avoid creating CIs directly in the Base Service class?,multiple-choice,The Base Service class has been completely removed from the platform,"Extended dedicated tables (business services, technical services) should be used via Service Builder",The Base Service class requires additional licensing,CIs in the Base Service class cannot have relationships,,,,,,,,,,,,2,"The Base Service class has been extended over the years with dedicated tables for business services, technical services, etc. CSDM guidance is to use these extended dedicated tables and Service Builder to create CIs, rather than creating them directly in the Base Service class.",CSDM Fundamentals
What has replaced the need for the Software Package and Software Install tables?,multiple-choice,Discovery patterns,SAM Foundations,Application Service records,TEAMs capability,,,,,,,,,,,,2,"SAM Foundations has replaced the need for the Software Package and Software Install tables. These tables were part of the original CMDB and the initial APM/SAM iterations. With SAM Foundations installed (which is recommended even without a SAM license), these legacy tables are no longer necessary.",CSDM Fundamentals
Which implementation approaches for CSDM are recommended? (Select all that apply),multiple-choice,Outcome-centric - tackling data requirements for a specific outcome,Domain-centric - focusing on a specific area of the model,"Stepwise (crawl, walk, run, fly) - legacy approach being moved away from",Big-bang - implementing everything at once,,,,,,,,,,,,"1,2","CSDM recommends outcome-centric (achieving a specific outcome) and domain-centric (tackling a specific area of the model) approaches. The stepwise approach (crawl, walk, run, fly) is being moved away from as it doesn't always provide immediate value, especially for larger organizations.",CSDM Fundamentals
"When a new version of CSDM is released (e.g., CSDM 5), what happens to existing CSDM implementations?",multiple-choice,Existing implementations must be completely rebuilt to comply with the new version,CSDM iterates and adds to the model without removing previous work - organizations expand as needed,All tables are renamed and data must be migrated,Previous CSDM versions become unsupported immediately,,,,,,,,,,,,2,"CSDM versions iterate rather than replace. Each version adds more to the model, and organizations can look at what pieces are important to their goals and expand from their current implementation. Changes are primarily label changes, and the underlying table functionality remains the same.",CSDM Fundamentals
"Why is the Business Process CI placed in the Foundation domain rather than other domains, even though it is a CMDB class?",multiple-choice,It is deprecated and no longer used,"It can reference multiple objects throughout the platform, not just other CIs",It has the smallest data footprint,It is only used by external integrations,,,,,,,,,,,,2,"Business Process is in the Foundation domain because it can reference multiple elements throughout the platform, not just CIs - including locations, documentation, and users critical to processes. This is important for business continuity when geopolitical issues affect a location, impacting processes in that area.",CSDM Fundamentals
"How many common value stream categories come out-of-box in ServiceNow, based on Harvard University research?",multiple-choice,5,10,15,25,,,,,,,,,,,,3,"ServiceNow provides approximately 15 value stream categories out-of-box. These were identified through research done by Harvard University using six of the largest companies in the world, representing common value streams across all organizations and industries.",CSDM Fundamentals
What is the relationship between Life Cycle Stage and Stage Status in CSDM?,multiple-choice,They are two names for the same attribute,Stage is the overall phase; Status provides greater detail within that stage,Status is the overall phase; Stage provides greater detail,They are independent attributes with no relationship,,,,,,,,,,,,2,"Life Cycle Stage represents the overall stage of an asset/CI (e.g., Build, Operational, End of Life). Stage Status provides greater detail within each stage (e.g., within Operational: In Use, Out of Support, Pending Retirement). Together they provide a complete picture of the CI lifecycle.",CSDM Fundamentals
Why are Life Cycle Stage and Stage Status values non-editable by customers in CSDM?,multiple-choice,They are protected by licensing restrictions,To allow ServiceNow to develop consistent platform capabilities around known data values,They are calculated automatically and cannot be changed,"They are only visible in reports, not on forms",,,,,,,,,,,,2,"Life Cycle Stage and Stage Status values are non-editable because over 50% of customers previously customized status fields, making it difficult for ServiceNow to develop consistent platform features. With standardized, non-editable values, ServiceNow can build reliable capabilities. Customers can submit requests for new values.",CSDM Fundamentals
Which new Service Instance types were added in CSDM 5 beyond Application Service? (Choose 3),multiple-choice,Data Service Instance,Network Service Instance,Business Service Instance,Facility Service Instance,Technical Service Instance,,,,,,,,,,,"1,2,4","CSDM 5 added five new Service Instance types: Data Service Instance, Network Service Instance, Connection Service Instance, Facility Service Instance, and Operational Process Service Instance. These allow segregating instances beyond application services into their proper categories.",CSDM Fundamentals
What is the difference between AI Function and AI Application in CSDM?,multiple-choice,AI Function is for machine learning; AI Application is for rule-based AI,AI Function is AI found in the cloud; AI Application is AI found on-premises,AI Function is free; AI Application requires licensing,AI Function runs on servers; AI Application runs on endpoints,,,,,,,,,,,,2,"AI Function identifies instances of AI found in the cloud, while AI Application identifies AI that is found internally on-premises within your environment. This differentiation helps track where AI capabilities are deployed across cloud and on-prem infrastructure.",CSDM Fundamentals
What was Technology Service Offering renamed to in CSDM 5?,multiple-choice,Technical Service Offering,Technology Management Offering,Service Instance Offering,IT Service Offering,,,,,,,,,,,,2,"Technology Service Offering was relabeled to Technology Management Offering in CSDM 5. Similarly, Technology Service became Technology Management Service. These objects identify groups responsible for providing elements of the service delivery network.",CSDM Fundamentals
What is the primary purpose of Dynamic CI Groups in CSDM?,multiple-choice,To manually assign CIs to support groups,"To programmatically group CIs using various methods, enabling collective metadata management",To create backup copies of CI records,To delete obsolete CIs in bulk,,,,,,,,,,,,2,"Dynamic CI Groups use various methods to programmatically group CIs together, rather than manually relating them. This enables managing manual metadata (like support groups) that isn't discovered, and supports use cases like patch management by grouping CIs automatically.",CSDM Fundamentals
What does the Subscriber concept in Service Consumption allow organizations to define?,multiple-choice,The technical components that deliver a service,"Who consumes a service - people, groups, departments, or locations",The pricing model for internal services,The SLA response times for incidents,,,,,,,,,,,,2,"The Subscriber perspective in Service Consumption allows declaring who consumes a service. This can be people in a group, an entire department, or a location that depends on the service. This business context helps understand the impact when services are affected.",CSDM Fundamentals
Why is the Service Consumption domain typically built with input from business stakeholders rather than IT technologists?,multiple-choice,IT technologists don't have system access to this domain,Business stakeholders understand what business services exist and who depends on them,It requires special certifications that only business users have,The domain uses non-technical terminology that IT can't understand,,,,,,,,,,,,2,"The Service Consumption domain represents the business view - what business services exist and who consumes them. Business stakeholders are experts in understanding the business functions that depend on technology, while IT typically focuses on the technical delivery layer.",CSDM Fundamentals
"In CSDM 5, what was the Service Instance table (cmdb_ci_service_auto) previously labeled as?",multiple-choice,Business Service,Application Service,Technology Service,Technical Service,,,,,,,,,,,,2,"The cmdb_ci_service_auto table was previously labeled Application Service. In CSDM 5, it was relabeled to Service Instance because there are now multiple types of service instances (Application Service, Data Service Instance, Network Service Instance, etc.), not just application services.",Govern
Which new Service Instance types were added in CSDM 5 in addition to Application Service? (Select all that apply),multiple-choice,Data Service Instance,Network Service Instance,Business Service Instance,Facility Service Instance,,,,,,,,,,,,"1,2,4","CSDM 5 added five new service instance types beyond Application Service: Data Service Instance, Network Service Instance, Connection Service Instance, Facility Service Instance, and Operational Process Service Instance. Business Service Instance is not one of the new types - Business Service remains a separate concept in the Service Consumption domain.",Govern
What is a Dynamic CI Group and why is it valuable in the Service Delivery domain?,multiple-choice,A group of users who can modify CI records dynamically,A programmatic way to group CIs based on criteria rather than manual relationships,A temporary grouping of CIs during maintenance windows,A dashboard widget that displays CI counts dynamically,,,,,,,,,,,,2,"Dynamic CI Group uses various methods to programmatically group CIs together based on criteria, eliminating the need to manually relate CIs into collections. This enables capabilities like managing manual metadata and grouping CIs for patch management.",Govern
"An organization needs to track four different portfolio types: technology services, business capabilities, product delivery, and customer-facing products. According to CSDM, how should these portfolios be structured?",multiple-choice,All four should use the same portfolio structure based on departments,"Technology Management Services by shared IT services, Business Services by capabilities, Service Instances by value streams, and Products by product lines",Create custom portfolio tables for each type,Use only the Service Catalog to organize all portfolio types,,,,,,,,,,,,2,"CSDM recommends different portfolio structures for different purposes: Technology Management Services organized by shared IT services, Business Services organized by business capability structure, Service Instances organized across product/value streams for manufacturing and delivery, and products sold externally organized by product lines.",Govern
What role is required to create a CMDB Data Manager policy in CMDB Workspace?,multiple-choice,itil,sn_cmdb_admin,cmdb_user,data_manager_user,,,,,,,,,,,,2,"The sn_cmdb_admin role is explicitly required to create CMDB Data Manager policies in CMDB Workspace, as stated in the ServiceNow documentation.",Govern
"What happens when an administrator tries to create a CMDB Data Manager policy of type Retire, Archive, or Delete without an active retirement definition for the targeted class?",multiple-choice,The policy is created but remains in a Draft state until the retirement definition is added,An error message appears and the operation fails,The policy is created successfully but the CIs are excluded during task execution,The system automatically generates a default retirement definition for the class,,,,,,,,,,,,2,"The lifecycle policies Retire, Archive, and Delete require that an active retirement definition exists for each targeted class. If you attempt to create such a policy without this prerequisite, an error message appears and the operation fails.",Govern
"An administrator creates a CMDB Data Manager attestation policy that targets 30,000 CIs. How will CMDB Data Manager handle the task creation?",multiple-choice,"It creates a single task containing all 30,000 CIs","It creates 3 tasks, each targeting 10,000 CIs",It fails with an error because the maximum CI limit is exceeded,"It creates 30 tasks, each targeting 1,000 CIs",,,,,,,,,,,,2,"CMDB Data Manager limits the number of target CIs per task to 10,000. When a task exceeds that number, Data Manager automatically creates as many additional tasks as needed. For 30,000 CIs, it creates 3 tasks of 10,000 CIs each.",Govern
What is the navigation path to access scripted audits in ServiceNow?,multiple-choice,All > CMDB > Audits > Scripted Audits,All > Compliance > Scripted Audits > Audits,All > Configuration > CMDB Audits > Scripted,All > CMDB Workspace > Management > Scripted Audits,,,,,,,,,,,,2,The correct navigation path for scripted audits is All > Compliance > Scripted Audits > Audits. An audit type of 'Scripted' automatically filters the list.,Govern
Which field is required for a scripted audit but hidden for all other audit types?,multiple-choice,Template,Filter,Run this script,Table,,,,,,,,,,,,2,The Filter field is required for scripted audits but is hidden for all other audit types. It defines the records the scripted audit evaluates.,Govern
An administrator is configuring a CMDB Data Manager policy and selects 'User Field' as the Assignment type. Which table do the columns listed in the Task assignment dropdown reference?,multiple-choice,Group [sys_user_group],User [sys_user],Task [task],Configuration Item [cmdb_ci],,,,,,,,,,,,2,"When the Assignment type is 'User Field', the Task assignment dropdown is dynamically populated with columns in the policy's table that reference the User [sys_user] table, such as 'Attested by' and 'Assigned to'. Records are grouped by this column and tasks are assigned to the resulting users.",Govern
Which CMDB Data Manager lifecycle policy types require an active retirement definition for each targeted class? (Select all that apply),multiple-choice,Retire,Attestation,Archive,Certification,Delete,,,,,,,,,,,"1,3,5","The lifecycle policies Retire, Archive, and Delete all require that an active retirement definition exists for each targeted class in the policy. Without it, the policy creation fails with an error.",Govern
"In a scripted audit, which methods from SNC.CertificationProcessing are used to log the results of audited records? (Select TWO)",multiple-choice,logAuditResultPass,logAuditResultWarning,createFollowOnTask,logAuditResultFail,,,,,,,,,,,,"1,4",The SNC.CertificationProcessing class provides logAuditResultPass() to log a passing result and logAuditResultFail() to log a failing result for audited records. These are the two methods specifically for logging audit results.,Govern
What is the primary purpose of the main CI in the duplicate CIs remediation process?,multiple-choice,It is the CI that was created most recently and has the latest data,It is the duplicate CI selected to retain as an active CI after reconciling the other duplicates into it,It is automatically chosen by the system as the CI with the most relationships,It is a new CI created by the system to replace all the duplicate CIs,,,,,,,,,,,,2,"The main CI is one of the duplicate CIs that you want to retain as an active CI after reconciling the rest of the duplicate CIs into it. You can then potentially retire or delete the rest of the duplicate CIs, or assign custom values to their attributes.",Govern
What happens when a CI associated with a change request in 'New' state is deleted during duplicate CI remediation?,multiple-choice,The change request is automatically canceled,The CI reference in the change request is updated to the main CI,The CI is removed from the change request and no replacement is made,The change request is placed on hold until a new CI is manually assigned,,,,,,,,,,,,2,"When a CI is associated with a change request whose state is New, then when duplicate CI remediation processes delete the CI, the CI in the change request is updated to the main CI.",Govern
"An administrator needs to remediate a de-duplication task that has over 1,200 duplicate CIs. The default threshold property glide.duplicate_ci_remediator.max.cis is set to 1,000. What should the administrator do to allow full reconciliation support for this task?",multiple-choice,"Increase the glide.duplicate_ci_remediator.max.cis property to at least 1,200",Enable the glide.duplicate_ci_remediator.enable_restricted_mode property,Split the de-duplication task into multiple smaller tasks manually,"Set the glide.identification_engine.skip_duplicates.threshold property to 1,200",,,,,,,,,,,,1,"The threshold for full reconciliation support is based on the glide.duplicate_ci_remediator.max.cis property (default 1,000). You can update this property to increase the threshold up to a maximum of 5,000. Since 1,200 is under 5,000, increasing the property to at least 1,200 will restore full reconciliation options.",Govern
What is the purpose of the De-duplication Template Library in CMDB Workspace?,multiple-choice,To store a log of all previously completed de-duplication tasks for audit purposes,To create preconfigured de-duplication templates with remediation settings for a class that can be applied to multiple tasks in bulk,To automatically detect and flag duplicate CIs during the IRE process,To define identification rules that prevent duplicate CIs from being created,,,,,,,,,,,,2,The De-duplication Template Library in CMDB Workspace lets you create a preconfigured de-duplication template with the remediation settings for a class. The De-duplication dashboard then lets you run the preconfigured template on multiple de-duplication tasks for that class in bulk.,Govern
Which table stores the individual certification tasks created by the Data Certification plugin?,multiple-choice,Certification Instance [cert_instance],Certification Element [cert_element],Certification Task [cert_task],Certification Schedule [cert_schedule],,,,,,,,,,,,3,The Certification Task [cert_task] table stores individual certification tasks. This table extends the Task table.,Govern
Which TWO business rules does the Data Certification plugin add to the Certification Task [cert_task] table? (Select TWO),multiple-choice,Merge Certification Tasks — merges two tasks when a task is reassigned and another task for the same instance exists with the new user,Cancel Instance — cancels all open certification tasks when an active certification is canceled,Certification Instance Rollup — updates the Percent complete field on the certification instance record,Prevent delete of Filter with Schedule — prevents the deletion of a filter used in a schedule,,,,,,,,,,,,"1,3","Both 'Merge Certification Tasks' and 'Certification Instance Rollup' are business rules on the Certification Task [cert_task] table. Merge Certification Tasks merges two tasks together when reassignment creates a duplicate, and Certification Instance Rollup updates the percent complete on the parent instance.",Govern
What restriction is enforced on the duplicate_of field to ensure data integrity during duplicate CI remediation?,multiple-choice,The duplicate_of field can only reference CIs in the same CMDB class,"A CI cannot be set as a duplicate of another duplicate CI, preventing chains of duplicate references",The duplicate_of field is read-only and can only be set by the IRE process,The duplicate_of field must reference a CI that was created before the duplicate CI,,,,,,,,,,,,2,"The duplicate_of attribute of the main CI cannot reference any CI as its main CI — you cannot set a CI as a duplicate of another duplicate CI to create a chain of duplicate CIs. If you attempt this, the system sets the CI as a duplicate of the main CI of the duplicate CI you're trying to set.",Govern
An administrator is configuring a new Data Certification schedule and needs to understand which UI policies affect the Certification Schedule form. Which TWO behaviors are controlled by UI policies on the Certification Schedule [cert_schedule] table? (Select TWO),multiple-choice,The Next Scheduled Run field is hidden when the schedule is set to run once or on demand only,The Percent complete field is made read-only when the state is Work in Progress,The Table field is made read-only on the schedule form,The Certification Task Elements formatter displays green check marks and red exclamation points,,,,,,,,,,,,"1,3","Two UI policies on the Certification Schedule table are: 'Hide next scheduled run' which hides the Next Scheduled Run field when the schedule is set to run once or on demand only, and 'Make table name read only' which makes the Table field read-only on the schedule form.",Govern
"When you select 'Enable life cycle sync' on the Life cycle mapping table list page, which system property is set to true?",multiple-choice,csdm.lifecycle.migration.activated,csdm.lifecycle.sync.between.ci.and.asset.activated,csdm.lifecycle.bulk.alignment.enabled,csdm.lifecycle.mapping.sync.active,,,,,,,,,,,,2,"Selecting 'Enable life cycle sync' sets the csdm.lifecycle.sync.between.ci.and.asset.activated system property to true, which initiates the align-and-sync process for CSDM life-cycle values.",Govern
Which table in ServiceNow holds the mapping rules that specify how legacy status values are converted to CSDM life-cycle value pairs?,multiple-choice,cmdb_ci_lifecycle,alm_asset_ci_state_mapping,life_cycle_mapping,csdm_status_mapping,,,,,,,,,,,,3,The life_cycle_mapping table holds the mapping rules that define how legacy status values are aligned to CSDM life-cycle value pairs (life cycle stage and life cycle stage status). The base system includes default mapping rules in this table.,Govern
"During Phase 2 of the CSDM life-cycle align-and-sync process, how are life-cycle values determined for a CI that is NOT associated with an asset?",multiple-choice,The CI is skipped and retains only its legacy status values,The CI inherits life-cycle values from the closest related asset in the CMDB hierarchy,CSDM mapping tables are used to derive the CI's life-cycle values from its legacy status,The CI is flagged with a discrepancy error and requires manual remediation,,,,,,,,,,,,3,"In Phase 2 Step 3, for CIs not associated with an asset, the system uses CSDM mapping tables to derive the CI's life-cycle value pair from its legacy status values. This is a one-time sync that won't be repeated because future values derive from bi-directional sync.",Govern
Which TWO changes occur during Phase 3 of the CSDM life-cycle align-and-sync process? (Select TWO),multiple-choice,Bi-directional sync of CSDM life-cycle value pairs between asset and CI is activated,All legacy status fields are permanently removed from the CI table,Bi-directional sync between CMDB CI legacy values and CSDM life-cycle values is deactivated,IBI records are migrated from the life_cycle_mapping table to the cmdb_ci table,,,,,,,,,,,,"1,3","Phase 3 activates bi-directional sync of CSDM life-cycle value pairs between asset and CI, and deactivates the bi-directional sync between CMDB CI legacy values and CSDM life-cycle values. This means CI life-cycle values will now sync with asset life-cycle values instead of being derived from CI legacy values.",Govern
An administrator sets the Operational Status of a hardware CI to 'Retired' in the CMDB. What automatically happens to the CI's Status/Hardware Status field?,multiple-choice,It is set to 'Non-Operational',It remains unchanged and must be manually updated,It is automatically set to 'Retired',It is set to 'Absent',,,,,,,,,,,,3,"In CI Lifecycle Management's integration with Asset Management, when the Operational Status of a CI is set to 'Retired', the Status/Hardware Status field is automatically set to 'Retired' as well. This synchronization keeps both fields consistent.",Govern
"In CMDB CI Lifecycle Management, what is the default behavior regarding Compatible CI Actions?",multiple-choice,All CI actions within the same category are automatically compatible,No two actions for a CI are compatible with each other by default,All CI actions are compatible unless explicitly restricted,Compatibility is determined automatically based on the CI's operational state,,,,,,,,,,,,2,"By default, there are no two actions for a CI that are compatible with each other. Administrators must explicitly define pairs of actions as compatible to allow them to be applied simultaneously to a CI.",Govern
Which TWO types of restrictions can be configured using the CI Lifecycle Management UI? (Select TWO),multiple-choice,Not Allowed CI Actions that prevent specific actions based on operational state,Maximum concurrent CI count limits per operational state,Not Allowed Operational Transitions between specific states for a CI type,Automatic CI archival rules when a CI reaches end-of-life state,,,,,,,,,,,,"1,3",The CI Lifecycle Management UI allows you to configure Not Allowed CI Actions (restricting actions when a CI is in a specific operational state) and Not Allowed Operational Transitions (restricting transitions from one operational state to another for a specified CI type). These are two of the three configurable rule types alongside Compatible CI Actions.,Govern
A non-workflow automation tool needs to use CI Lifecycle Management APIs to apply CI actions. What must the tool do before performing any lifecycle operations?,multiple-choice,Create a record in the Compatible CI Actions table for the target CI,Call the registerOperator API to obtain a unique requestor ID,Submit a change request referencing the target CI,Set the CI's operational status to 'Operational' before applying any actions,,,,,,,,,,,,2,Non-workflow requestors must call the registerOperator API to register and obtain a requestor ID (a unique GUID) before using lifecycle management APIs. Workflow users can use the active Workflow context as the requestor ID and do not need to explicitly call registerOperator.,Govern
"In the context of CMDB Health domain separation, which statement is true about global system properties that control CMDB Health?",multiple-choice,They are domain separated and can be overridden per subdomain,They are not domain separated,They are stored in the cmdb_health_metric_pref table,They require the Domain Extensions Installer plugin to function,,,,,,,,,,,,2,Global system properties that control CMDB Health are not domain separated. They apply uniformly across all domains.,Govern
"Starting with the Tokyo release, how are CIs in the global domain evaluated when viewed from a subdomain in CMDB Health?",multiple-choice,They are evaluated against both global and subdomain local metric tests,They are excluded from health evaluations when viewed in subdomains,They are evaluated only against metric tests specified in the global domain,They are evaluated against subdomain local metric tests only,,,,,,,,,,,,3,"Starting with the Tokyo release, CIs in the global domain are evaluated only against metric tests specified in the global domain. Subdomain local metric tests are applied only to CIs in that subdomain, not to global domain CIs—even though global CIs are visible in the subdomain. This change prevents excessive duplicated data.",Govern
An administrator notices that CMDB Health dashboard jobs are taking an excessively long time to complete. The instance has over 100 active domains. What is the recommended approach to improve job performance?,multiple-choice,Create separate dashboard jobs for each domain to distribute the workload,Increase the job frequency so each run processes fewer changes,"Set Active to false for all root domains, disabling all domains in the hierarchy",Disable domain separation to consolidate all CIs into a single domain,,,,,,,,,,,,3,"The Active setting is the most important because it affects how long jobs run. When there is a large number of domains (>100), the job can take a very long time. The recommended mitigation is to set Active to false for all root domains, thereby disabling all other domains in the hierarchy. Then selectively enable only the domains needed.",Govern
Which of the following CMDB Health-related rules are domain separated? (Select TWO),multiple-choice,Required fields for Completeness,Recommended fields for Completeness,Duplicate identification rules for Correctness,Orphan rules for Correctness,,,,,,,,,,,,"2,4","Recommended fields are domain separated (stored in the CMDB Recommended Fields [cmdb_recommended_fields] table, which is domain separated). Orphan rules are also domain separated (stored in the CMDB Health Orphan Rule [cmdb_health_orphan_rule] table, which is domain separated).",Govern
What is the correct navigation path to create a new certification schedule in ServiceNow?,multiple-choice,All > CMDB > Data Certification > Schedules,All > Data Certification > Schedule Definitions,All > Configuration > Certification > Schedule Setup,All > Governance > Data Certification > New Schedule,,,,,,,,,,,,2,"The correct navigation path to define a certification schedule is All > Data Certification > Schedule Definitions, then click New and fill in the required fields.",Govern
"When defining a certification schedule, the Table field is read-only. How can an administrator change which table's records are certified?",multiple-choice,Edit the Table field directly after unlocking it with the admin role,Select a different Filter or create a new Filter,Modify the Certification fields selection to reference a different table,Change the Assignment type to point to a different table,,,,,,,,,,,,2,"The Table field on a certification schedule is read-only and displays the table holding the records to be certified. To change the table, an administrator must select a different Filter or create a new Filter, which determines the table.",Govern
"An administrator needs to create a certification schedule where tasks are assigned to the user listed in each CI's 'Managed by' field. If the 'Managed by' field is empty on a record, no certification task should be created for that record. Which configuration should the administrator use?",multiple-choice,"Assignment type: Specific User, and manually select the Managed by user","Assignment type: User Field, Assign to: Managed by, Assign to empty: Create Unassigned Task","Assignment type: User Field, Assign to: Managed by, Assign to empty: Do Not Create Task","Assignment type: Group Field, Assign to group: Managed by, Assign to empty: Do Not Create Task",,,,,,,,,,,,3,The User Field assignment type allows selecting a user reference field (such as 'Managed by') on the table being certified. Setting 'Assign to empty' to 'Do Not Create Task' ensures no task is created when the Managed by field is empty on a record.,Govern
"When the Domain Support — Domain Extensions Installer plugin is activated, which statements are true about the CMDB Health dashboard? (Select TWO)",multiple-choice,Separate dashboard jobs are created for each domain to improve performance,The dashboard aggregates and reports health failures based on the user's domain visibility of CIs,"Users can configure KPI and metric settings specific to their domain, such as active/inactive and thresholds",Child domains must independently configure their own health configurations and cannot inherit from parent domains,,,,,,,,,,,,"2,3","When the Domain Extensions Installer plugin is activated, the CMDB Health dashboard becomes domain aware. It aggregates and reports health failures and scores based on the user's domain visibility of CIs, and users can configure KPI and metric settings specific to their domain (such as active/inactive and thresholds).",Govern
Which role is required to create a compliance audit in ServiceNow?,multiple-choice,certification,certification_admin,certification_filter_admin,itil,,,,,,,,,,,,2,"The certification_admin role is required to create a compliance audit. This role can manage the entire certification process, including creating, editing, and deleting all certification records. The documentation explicitly states 'Role required: certification_admin' as a prerequisite.",Govern
"Which table stores the definition of the desired state of a record, including the filter that identifies records to evaluate and expected attribute and relationship values?",multiple-choice,Audit [cert_audit],Audit Result [cert_audit_result],Certification Template [cert_template],Certification Condition [cert_cond],,,,,,,,,,,,3,The Certification Template [cert_template] table contains the definition of the desired state of the record. The template includes a filter that identifies the records to evaluate and the expected attributes and relationship values.,Govern
"When the Certification Core plugin is activated, what happens when a user who has the certification role also has a manager specified on their user record?",multiple-choice,The manager is automatically assigned the certification_admin role,The manager is automatically granted the certification role,The certification role is propagated to all users up the management chain,The manager must manually request the certification role through a catalog item,,,,,,,,,,,,2,"When both a manager and the certification role are specified for a user, the system automatically grants the certification role to the manager. This ensures that a certification task can be escalated successfully to the next level. The automatic role is granted to the user's immediate manager only.",Govern
"A CMDB administrator is configuring a compliance audit and wants follow-on tasks to be assigned to the person listed in the Managed by field on each failed CI record. If the Managed by field is empty on a specific CI, the administrator wants an unassigned task created so it can be manually assigned later. Which combination of settings should the administrator configure?",multiple-choice,"Assignment type: Specific User, and select a fallback user","Assignment type: User Field, Assign to: Managed by, Assign to empty: Create Unassigned Task","Assignment type: User Field, Assign to: Managed by, Assign to empty: Do Not Create Task","Assignment type: Group Field, Assign to group: Support group, Assign to empty: Create Assigned Task",,,,,,,,,,,,2,"The User Field assignment type allows selecting a user reference field (like Managed by) on the table being audited. Setting Assign to empty to 'Create Unassigned Task' creates a follow-on task without assigning it to any user when the field is blank, allowing manual assignment later.",Govern
Which TWO types of certification condition tables extend the base Certification Condition [cert_cond] table in the Compliance Certification Core? (Select TWO),multiple-choice,Certification Attribute Condition [cert_attr_cond],Certification Audit Schedule [cert_audit_schedule],Certification CI Relationship Condition [cert_ci_rel_cond],Certification Task Assignment [cert_task_assign],,,,,,,,,,,,"1,3","Both the Certification Attribute Condition [cert_attr_cond] and Certification CI Relationship Condition [cert_ci_rel_cond] tables extend the base Certification Condition [cert_cond] table. Other tables that also extend it include cert_user_rel_cond, cert_group_rel_cond, and cert_related_list_cond.",Govern
What are the default values for the Health window and Threshold count fields when creating a new compliance audit?,multiple-choice,"Health window: 30 Days, Threshold count: 10","Health window: 7 Days, Threshold count: 5","Health window: 7 Hours, Threshold count: 3","Health window: 14 Days, Threshold count: 5",,,,,,,,,,,,2,"The default value for the Health window field is 7, with the default Health window unit being Days. The default value for the Threshold count is 5. Together these define a 7-day evaluation period where up to 5 audit failures are acceptable before the threshold is exceeded.",Govern
An administrator attempts to delete an audit record that has been previously run. The Delete option is disabled. What is the most likely reason?,multiple-choice,The audit record is still in an Active state,The audit record has existing audit results,"The administrator only has the certification role, not certification_admin",The audit is linked to a scheduled job that is currently running,,,,,,,,,,,,2,"ServiceNow prevents deletion of an audit containing results. A business rule called 'Prevent deletion of audit with results' enforces this restriction. Similarly, audit results that have follow-on tasks cannot be deleted. The Delete option is disabled in records and lists where these dependent records exist.",Govern
An administrator wants to create a compliance audit using the CI Class Manager. Which steps are required to access the audit creation form from the CI Class Manager? (Select TWO),multiple-choice,Select a class from the Class Hierarchy,Navigate to the Health Dashboard and select the Compliance tab,"In the sidebar, check Advanced and then select Audit in the Compliance group",Right-click the class and choose Create Compliance Audit from the context menu,,,,,,,,,,,,"1,3","To create a compliance audit via the CI Class Manager, you first navigate to All > Configuration > CI Class Manager, then select a class from the Class Hierarchy. In the sidebar, you check Advanced and then select Audit in the Compliance group. This opens the audit creation interface for the selected class.",Govern
"Which role provides full access to policies in the CMDB Data Manager, including the ability to create, edit, delete policies, and manage exclusion lists?",multiple-choice,cmdb_admin,data_manager_user,data_manager_admin,itil_admin,,,,,,,,,,,,3,"The data_manager_admin role provides full access to all features in the CMDB Data Manager, including full access to assigned tasks and policies, the ability to associate subflow categories to policy types, and the ability to create, edit, delete policies, calculate previews, approve tasks, and manage exclusion lists. This role contains data_manager_user, task_editor, and cmdb_query_builder_read.",Govern
"What is the default number of days that archived CIs are retained in archive tables before they are permanently deleted, as defined by the glide.cmdb.data_manager.default_archive_time property?",multiple-choice,30 days,60 days,90 days,120 days,,,,,,,,,,,,4,The glide.cmdb.data_manager.default_archive_time property controls how many days archived CIs can be restored from archive tables before permanent deletion. The default value is 120 days.,Govern
Which TWO of the following are scheduled jobs related to CMDB Data Manager? (Select TWO),multiple-choice,CMDB Data Manager Retire Policy Processor,CMDB Health Audit Scheduled Job,CMDB Data Manager - Stale Task Cleaner,CMDB Discovery Reconciliation Engine,,,,,,,,,,,,"1,3","CMDB Data Manager includes four scheduled jobs: CMDB Data Manager Archive/Delete Policy Processor, CMDB Data Manager Retire Policy Processor, CMDB Data Manager - Stale Task Cleaner, and CMDB Data Manager Delete Related Entry Policy Processor. The Retire Policy Processor processes all published policies of type Retire, applying them only to CIs that are not retired. The Stale Task Cleaner sets stale tasks (open and unapproved after 90 days by default) to Closed Cancelled.",Govern
How does the Attestation policy type in CMDB Data Manager differ from other policy types such as Delete or Retire?,multiple-choice,It cannot be scheduled to run on a recurring basis,It does not support condition filters for targeting CIs,It is not associated with a subflow,It does not generate policy tasks for assigned users,,,,,,,,,,,,3,"The Attestation policy type is unique because it is not associated with a subflow. For Attestation policies, a user must manually process all CIs in the task and submit the task to close it, unlike other policy types where the subflow automatically closes the task after completion.",Govern
"When the CMDB Data Manager Archive/Delete Policy Processor scheduled job runs, in what order does it process published policies?",multiple-choice,"It processes Delete policies first, then Archive policies","It processes all Archive policies first, and if no errors are encountered, continues to process Delete policies",It processes Archive and Delete policies simultaneously in parallel,It alternates between Archive and Delete policies based on their priority and creation date,,,,,,,,,,,,2,The CMDB Data Manager Archive/Delete Policy Processor processes all Archive policies first. Only if no errors are encountered during the Archive processing does it continue to process any Delete policies. This ensures data integrity by completing archival before permanent deletion. Both policy types apply only to CIs that are already retired.,Govern
"When a CMDB Data Manager policy of type Archive or Delete is evaluated, what happens to CIs that match the policy's condition filters but are not yet in a retired state?",multiple-choice,"They are automatically retired first, then processed by the Archive or Delete policy",They are added to the policy's CI exclusion list for future processing,They are not targeted for the policy,They are flagged with an error and notification is sent to the Data Manager administrator,,,,,,,,,,,,3,"For Archive and Delete policy types, CIs that meet the policy filters but are not retired according to the class retirement definitions are simply not targeted for the policy. Retirement is a prerequisite — these policy types require that an active retirement definition exists for each targeted class, and only already-retired CIs are included in the policy execution.",Govern
A CMDB administrator wants to configure a CMDB Data Manager policy so that policy tasks require review and approval before the associated subflow executes. Which TWO requirements must be met to enable this? (Select TWO),multiple-choice,The Needs Review checkbox must be checked on the policy definition,The policy type must be set to Attestation,The Managed By Group attribute must be populated in the target CIs,The Apply Retention Time field must be configured on the policy,,,,,,,,,,,,"1,3","Two things must be in place: (1) The Needs Review checkbox must be checked on the policy to require review and approval of policy tasks. (2) The Managed By Group attribute must be populated in target CIs so that email notifications can be sent to members of that group for approval. Assigned users must also have the privilege to approve the policy tasks. When configured, a policy task triggers its subflow only after the task is approved.",Govern
"An administrator creates an attestation policy in CMDB Data Manager that targets 30,000 CIs. After publishing the policy, how does CMDB Data Manager handle the task generation?",multiple-choice,The policy is rejected because it exceeds the maximum number of CIs allowed per policy,"A single attestation task is created containing all 30,000 CIs","Three attestation tasks are automatically created, each targeting 10,000 CIs",The administrator must manually split the CIs into separate policies before publishing,,,,,,,,,,,,3,"CMDB Data Manager limits the number of target CIs per task to 10,000. When a policy targets more than 10,000 CIs, Data Manager automatically creates as many additional tasks as needed. In this case, 30,000 CIs are automatically split into three tasks of 10,000 CIs each. This is handled transparently without requiring manual intervention from the administrator.",Govern
Which role is required to cancel an attestation task in CMDB Data Manager?,multiple-choice,data_manager_user,data_manager_admin,sn_cmdb_user,itil,,,,,,,,,,,,2,Canceling an attestation task requires the data_manager_admin or sn_cmdb_admin role. This action is only available for tasks in the 'In progress' or 'Not started' status.,Govern
What are the three Key Performance Indicators (KPIs) that CMDB Health calculates aggregated scores for?,multiple-choice,"Accuracy, Completeness, and Timeliness","Correctness, Compliance, and Completeness","Reliability, Availability, and Serviceability","Integrity, Consistency, and Completeness",,,,,,,,,,,,2,"CMDB Health calculates an aggregated score for three KPIs: Correctness, Compliance, and Completeness. Each KPI further consists of sub-metrics that can be configured for inclusion in health evaluations and dashboards.",Govern
What is the default Effective Duration defined by the base system staleness rule for the Configuration Item [cmdb_ci] class?,multiple-choice,30 days,45 days,60 days,90 days,,,,,,,,,,,,3,The base system includes a default staleness rule for the Configuration Item [cmdb_ci] class which sets the Effective Duration time to 60 days. This rule applies to all extended CMDB classes and can be overridden by class-specific staleness rules.,Govern
"In CMDB Health, under which conditions is a CI determined to be an orphan?",multiple-choice,The CI has not been updated within the staleness Effective Duration period,"The CI satisfies the criteria in an orphan rule, or data is missing for the CI in its respective table or a parent table",The CI has duplicate identification rules matching other CIs in the same class,The CI has unpopulated mandatory fields defined in the system dictionary,,,,,,,,,,,,2,"A CI is determined to be orphan if it satisfies the criteria in an orphan rule (which checks for specific attributes and missing relationships), or if data is missing for the CI in its respective table or in one of its parents' tables. An orphan CI is one that was unintentionally left in the CMDB when it is no longer needed.",Govern
"During an attestation task review in CMDB Workspace, what happens when a CI owner excludes CIs from the task?",multiple-choice,The CIs are moved to the Rejected CIs list and flagged for administrator review,The CIs are permanently retired from the CMDB and marked as decommissioned,The CIs are added to the exclusion list of CMDB Data Manager attestation policies,The CIs are reassigned to a different attestation task for a different CI owner,,,,,,,,,,,,3,"When CIs are excluded from an attestation task, they are added to the exclusion list of CMDB Data Manager attestation policies. This means they will not be included in the current task or in future attestation policies. Only an admin can undo this operation using the CMDB Data Manager.",Govern
Which of the following are sub-metrics of the Correctness KPI in CMDB Health? (Select TWO),multiple-choice,Required,Orphan,Audit,Staleness,,,,,,,,,,,,"2,4","The Correctness KPI is an aggregation of three sub-metrics: Orphan (percentage of orphan CIs), Staleness (percentage of stale CIs), and Duplicate (percentage of duplicate CIs). Both Orphan and Staleness are correct sub-metrics of Correctness.",Govern
"A CI owner is reviewing an attestation task and identifies several CIs that are duplicates of other CIs. What action should they take, and what is the result?",multiple-choice,Click Reject to move the duplicate CIs to the Rejected CIs list and manually create a de-duplication task,"Click Remove duplicates from task, which removes the CIs from the attestation task and automatically generates a de-duplication task",Click Exclude to add the duplicate CIs to the attestation policy exclusion list and flag them for deletion,Click Unattest to move the duplicate CIs back to the Not Yet Reviewed list and notify the CMDB administrator,,,,,,,,,,,,2,"When duplicate CIs are identified during attestation review, the CI owner should select them and click 'Remove duplicates from task'. This removes those CIs from the attestation task and automatically generates a de-duplication task, similar to those created by the Identification and Reconciliation Engine (IRE). Only an admin can undo this operation.",Govern
A CMDB administrator is analyzing relationship health in the CMDB Health dashboard and notices several relationships failing health checks. Which of the following are relationship health metrics reported by CMDB Health? (Select TWO),multiple-choice,Incomplete relationships,Orphan relationships,Stale relationships,Expired relationships,,,,,,,,,,,,"2,3","CMDB Health measures the health of CI relationships using three non-configurable metrics: Duplicate relationships, Orphan relationships, and Stale relationships. A single relationship can fail more than one health test — for example, a duplicate relationship can also be stale.",Govern
Which business rule is responsible for synchronizing group attributes from a technical service offering to the underlying CIs within a dynamic CI group?,multiple-choice,Sync Ops Status for CMDB CI,CSDM Data Sync on TSO deletion,CSDM - Sync Group Attributes,Sync teams to CI assigned groups,,,,,,,,,,,,3,"The 'CSDM - Sync Group Attributes' business rule cascades group attributes (Support Group, Managed By Group, Assignment Group) from a Technical Service Offering down to the CIs within its associated Dynamic CI Group. This was added in the San Diego release.",Govern
Which components are displayed on the CMDB and CSDM Data Foundations Dashboards?,multiple-choice,"Incident Management, Change Management, and Problem Management","Configuration Items, Relationships, and Business Services","Foundational Metric Results, Priorities, and Remediation Playbook URLs","Knowledge Articles, Service Catalog Items, and Catalog Categories",,,,,,,,,,,,3,"The CMDB and CSDM Data Foundations Dashboards display foundational metric results (0-100% scores), priorities (Critical to Low), and remediation playbook URLs (KB articles with fix instructions). These dashboards are free from the ServiceNow Store.",Govern
"From the CMDB Data Foundations Dashboard, if the 'Unique Locations' metric displays less than 100%, what is the most efficient way to obtain a list of duplicate location records?",multiple-choice,"From the Locations table, configure an encoded query to search for duplicate records","From the CMDB Data Foundations Dashboard, select and open the Duplicate Locations tile and then select Show Records","From Query Builder, create a query to search for duplicate records","From CMDB Workspace, configure a certification policy",,,,,,,,,,,,2,"The most efficient method is to use the built-in functionality: from the Data Foundations Dashboard, click on the Duplicate Locations tile and select 'Show Records' to immediately see all duplicate location records that need remediation.",Govern
Which tabs are part of the CMDB Data Foundations Dashboard? (Choose 4),multiple-choice,Data Management Practices,ITSM Processes,Best Practices,Foundation,Customization,Run,,,,,,,,,,"1,2,3,4","The CMDB Data Foundations Dashboard has four tabs: Data Management Practices, ITSM Processes, Best Practices, and Foundation. These tabs organize different categories of health metrics.",Govern
Duplicate locations in the location table can be caused by which configurations? (Choose 2),multiple-choice,Naming standard for Locations has not been defined and/or published,A well thought out naming convention for location names has been defined and adopted,Source of location data is not maintained and has duplicates,Well tested import process for location names,,,,,,,,,,,,"1,3","Duplicate locations are caused by: (1) lack of defined naming standards allowing inconsistent entries like 'NYC' vs 'New York City', and (2) source data that already contains duplicates being imported without deduplication.",Govern
What are the three pillars for successful foundational data in a ServiceNow CMDB? (Choose 3),multiple-choice,Ingest,Govern,Insight,Completeness,Correctness,Compliance,,,,,,,,,,"1,2,3","The three pillars for successful CMDB foundational data are: Ingest (connecting data sources), Govern (maintaining data health), and Insight (using data in reporting and processes). These are distinct from the CMDB Health Dashboard's 3 C's (Completeness, Correctness, Compliance).",Govern
"When configuring technical services, technical service offerings, and dynamic CI groups, which statements correctly describe the relationships between them? (Choose 2)",multiple-choice,Technical service offering is the parent to a technical service,Technical service is the parent to a technical service offering,Technical service offering contains a Dynamic CI group,Dynamic CI group contains a technical service offering,,,,,,,,,,,,"2,3","In CSDM hierarchy: Technical Service is the parent of Technical Service Offering (TSO), and the TSO contains/references the Dynamic CI Group. The TSO is where you configure tiers of service with different SLAs and groups.",Govern
The Remediation playbook URL provided by the CMDB and CSDM Data Foundations Dashboards provides what information for each health metric? (Choose 3),multiple-choice,Upstream Causes,Downstream Consequences,Remediation Plays,Client Scripts,Transform Maps,,,,,,,,,,,"1,2,3","Each remediation playbook (KB article) contains: Upstream Causes (what leads to the problem), Downstream Consequences (business impact), and Remediation Plays (step-by-step fixes). They do not contain scripts or transform maps.",Govern
"From the Get Well Playbook 'Percentage of Dynamic CI Groups with CMDB Group', which is a potential benefit to the business if this metric is properly governed?",multiple-choice,Complicates the auto-population of affected CIs during changes,Reduces IT asset management tracking capabilities,"Improves successful changes, such as patch management for all servers",Decreases efficiency in impact analysis,,,,,,,,,,,,3,"When Dynamic CI Groups are properly configured with CMDB Groups, it enables better change management by allowing targeted changes like patch management to be applied to specific groups of servers efficiently.",Govern
"From the Get Well Playbook 'Handle Duplicate CIs in your CMDB', what are potential benefits to the business if this metric is properly governed? (Choose 2)",multiple-choice,Enhances binding and CI selection for Incident Management,Decreases the speed of incident resolution and increases MTTR,Worsens accuracy in CI matching for Vulnerability Response,Reduces confusion from duplicate records appearing in the list view,,,,,,,,,,,,"1,4","Removing duplicate CIs: (1) enhances CI selection in Incident Management by eliminating confusion about which CI to select, and (2) reduces confusion in list views by showing only unique records.",Govern
Where can a CMDB administrator obtain the CMDB and CSDM Data Foundations Dashboards?,multiple-choice,ServiceNow Sales,ServiceNow Store,ServiceNow Impact,ServiceNow Support,,,,,,,,,,,,2,The CMDB and CSDM Data Foundations Dashboards are free plugins available from the ServiceNow Store (store.servicenow.com). Search for 'data foundation dashboards' to find and install them.,Govern
"From the Get Well Playbook 'Percent of Incidents referencing a CI', what are suggested solutions to ensure the configuration item field is populated on an incident form? (Choose 2)",multiple-choice,Configure field with reference qualifier to make it easier to find affected CI,Configure scheduled job to run nightly to populate the field,Make the Configuration item field mandatory on the incident form once an incident state moves from In progress to Resolved,Configure business rule to auto-populate the field,,,,,,,,,,,,"1,3","Two effective solutions: (1) Use reference qualifiers to filter the CI list, making it easier for users to find the correct CI, and (2) Make the CI field mandatory at resolution time, ensuring incidents are linked to CIs before closing.",Govern
"From the Get Well Playbook 'Handle CMDB tables begin with u_cmdb_ci', what are upstream causes of having custom tables in the CMDB? (Choose 2)",multiple-choice,Requests from stakeholders,Highly skilled ServiceNow developers,No review process in creation of CI classes,No governance process for CMDB customization,,,,,,,,,,,,"3,4","Custom u_cmdb_ci tables proliferate due to: (1) lack of review process when creating new CI classes (no one checking if an OOB class exists), and (2) lack of governance process for CMDB customization (no approval workflow for changes).",Govern
"From the Get Well Playbook 'Technical Service Offerings with Support Group or Change Group Populated', which is a potential benefit to the business if this metric is properly governed?",multiple-choice,Decreased efficiency in managing manual metadata on configuration items,Simplicity in identifying owners and support groups for configuration items,Reduced accuracy in business decision-making,Complex reporting process for security incidents,,,,,,,,,,,,2,"When TSOs have Support Group and Change Group populated, it becomes simple to identify who owns and supports the underlying CIs. The CSDM Sync Group Attributes business rule cascades this information automatically.",Govern
The business rule responsible for synchronizing group attributes from a technical service offering to the underlying CIs within a dynamic CI group synchronizes which attributes? (Choose 3),multiple-choice,Support Group,Used by Group,Managed by Group,Service Desk Group,Assignment Group,,,,,,,,,,,"1,3,5","The CSDM - Sync Group Attributes business rule synchronizes three group attributes from TSO to CIs: Support Group, Managed by Group, and Assignment Group (formerly called Assignment Group before a rename).",Govern
"Assuming business drivers are equal, from the CMDB Data Foundations Dashboard, the 'Hardware CIs with Serial Numbers' Result displays 55% with a Priority of '3 - Medium-High', and the 'CIs with Relationships to Parent and Child' Result displays 20% with a Priority of '4 - Medium'. Which metric should action be taken on first?",multiple-choice,Hardware CIs with Serial Numbers because serial numbers are key to asset health,Hardware CIs with Serial Numbers because Priority is more important than Result in determining which metric to take action on first,Both Result and Priority are equally important,CIs with Relationships to Parent and Child because Result is more important than Priority in determining which metric to take action on first,,,,,,,,,,,,2,Priority takes precedence over Result percentage. A higher priority metric (3 - Medium-High) should be addressed before a lower priority metric (4 - Medium) even if the lower priority metric has a worse percentage score.,Govern
"If executing a remediation playbook fix script from Scripts - Background, which processes are recommended? (Choose 2)",multiple-choice,Run the fix script from Scripts – Background and ensure the Record for rollback checkbox is selected,Run the fix script in a development or test environment,Run the fix script using a UI action,Run the fix script using a business rule,,,,,,,,,,,,"1,2","Best practices: (1) Always select 'Record for rollback' when running fix scripts to enable recovery if something goes wrong, and (2) Test fix scripts in development/test environments before running in production.",Govern
"On the CMDB and CSDM Data Foundations Dashboards, which are the correct ranges for the color-coded bar percentages for CIs in compliance for a key foundational metric?",multiple-choice,"Red: Less than 50%, Yellow: 50–90%, Green: More than 90%","Red: Less than 60%, Yellow: 60–95%, Green: More than 95%","Red: Less than 40%, Yellow: 40–80%, Green: More than 80%","Red: Less than 30%, Yellow: 30–75%, Green: More than 75%",,,,,,,,,,,,2,"The Data Foundations Dashboard uses: Red for less than 60%, Yellow for 60-95%, and Green for more than 95%. This reflects that healthy CMDBs should target near-100% compliance on key metrics.",Govern
"Which offering is provided by ServiceNow CMDB experts to gain insight on the health of a CMDB, obtain actionable recommendations, receive coaching, and provide hands-on assistance to remediate chosen areas of focus?",multiple-choice,CSDM and CMDB Data Foundations Dashboard,CMDB Amplified,TuneUp Your Configuration Management Database (CMDB) Accelerator,Now Create,,,,,,,,,,,,3,"The TuneUp Your CMDB Accelerator is a ServiceNow professional services offering that provides expert consultation, health assessment, recommendations, and hands-on remediation assistance.",Govern
Which field on the location table is useful in assisting with the remediation of duplicate locations?,multiple-choice,Parent,Name,Full name,Contact,,,,,,,,,,,,3,"The Full name field shows the complete hierarchical path of a location (e.g., 'USA/Arizona/Phoenix') which helps identify true duplicates versus locations with the same name but different hierarchies.",Govern
Which service offering is available only to Impact customers to provide insight and guidance to improve CMDB Health?,multiple-choice,Now Create,CMDB Amplified,TuneUp Your CMDB Accelerator,CSDM and CMDB Data Foundations Dashboard,,,,,,,,,,,,2,CMDB Amplified is exclusively available to ServiceNow Impact customers. It provides specialized insight and guidance from ServiceNow experts to improve CMDB health.,Govern
"Which ServiceNow product feature allows for bulk management of CI life cycle operations such as deletion, archival, and attestation?",multiple-choice,CMDB Query Builder,Dynamic CI Groups,CMDB Data Manager,CI Class Manager,,,,,,,,,,,,3,"CMDB Data Manager handles bulk CI lifecycle operations including deletion, archival, and attestation. It replaces the need for custom scripts to manage end-of-life policies.",Govern
"From the Get Well Playbook 'Technical Service Offerings with Support Group or Change Group Populated', Assignment group was updated in a previous release to what name?",multiple-choice,Managed by,Change group,Support group,Owned by,,,,,,,,,,,,3,The field previously called 'Assignment group' was renamed to 'Support group' in a ServiceNow release to better reflect its purpose in CSDM context.,Govern
Which are general usage guidelines for location records? (Choose 3),multiple-choice,Unique,Clear to end users,Hierarchical,Parent field populated occasionally,Come from multiple sources,Non-hierarchical,,,,,,,,,,"1,2,3","Location records should be: (1) Unique - no duplicates, (2) Clear to end users - understandable naming, and (3) Hierarchical - properly structured with parent-child relationships (Country > State > City > Building).",Govern
Which is an important reason to manage configuration items within a dynamic CI group and technical service offering?,multiple-choice,The configuration item can be referenced by an incident record,The configuration item can be part of a service map,The configuration item group attributes can be managed collectively from the technical service offering,The configuration item group attributes can be managed individually,,,,,,,,,,,,3,"The key benefit of Dynamic CI Groups linked to TSOs is that group attributes (Support Group, Managed by, Assignment Group) can be set once on the TSO and automatically cascaded to all CIs in the group, enabling collective management.",Govern
"From the Get Well Playbook 'Refresh Stale CIs in your CMDB', which is a potential benefit to the business if this metric is properly governed?",multiple-choice,Decreases decision-making accuracy,Leads to accurate data and better decision-making,Provides no effect on data accuracy,Increases the need for additional data validations,,,,,,,,,,,,2,"Removing or refreshing stale CIs ensures the CMDB contains current, accurate data which leads to better business decisions based on the actual state of the infrastructure.",Govern
Which pillar for successful foundational data focuses on reporting and metrics?,multiple-choice,Ingest,Govern,Insight,Completeness,,,,,,,,,,,,3,The Insight pillar focuses on using the data in reporting and calculating metrics. It's about deriving value from the stored data through analysis and visualization.,Govern
Which pillar for successful foundational data focuses on health metric improvement?,multiple-choice,Insight,Ingest,Govern,Compliance,,,,,,,,,,,,3,"The Govern pillar focuses on maintaining and improving data health over time. This includes monitoring metrics, remediating issues, and ensuring data quality through governance processes.",Govern
"To update the CMDB Data Foundations Dashboard health metrics and reports immediately, versus waiting for them to update automatically, which scheduled jobs need to be executed? (Choose 2)",multiple-choice,CSDM Data Foundations PA metric Collection,CMDB Get Well Metric Collection,CSDM Get Well Metric Collection,CMDB Data Foundations PA metric Collection,,,,,,,,,,,,"1,4","To immediately refresh dashboard metrics, run both: (1) CSDM Data Foundations PA metric Collection and (2) CMDB Data Foundations PA metric Collection. These scheduled jobs calculate and update the Performance Analytics indicators.",Govern
"From the CMDB Data Foundations Dashboard, if metric X has a higher Priority than metric Y, what is a good reason to take action on remediating metric Y first?",multiple-choice,Metric Y has a lower Result percentage than metric X,Metric Y is on the Best Practices tab and metric X is not,Metric Y has a remediation playbook,Metric Y has a much higher internal business driver to be remediated than metric X,,,,,,,,,,,,4,"Even though Priority is normally the primary factor, internal business drivers can override standard prioritization. If metric Y is critical to a specific business objective or compliance requirement, it may take precedence.",Govern
"From the Get Well Playbook 'CMDB Health Dashboard Disabled', what are potential benefits to the business if the CMDB Health Dashboards are activated and being utilized? (Choose 2)",multiple-choice,Increases the need for customized processes,Decreases efficiency in maintaining the CMDB,Reduces time spent on data validation and maintenance,Increases the trust in quality of CMDB data for other teams,,,,,,,,,,,,"3,4","Activating CMDB Health Dashboards: (1) reduces time spent on manual data validation by providing automated health metrics, and (2) increases trust in CMDB data quality by providing visibility and accountability.",Govern
"According to ServiceNow's analysis, what is the average improvement in high-priority incident resolution time for instances with a healthy CMDB compared to an unhealthy CMDB?",multiple-choice,15% faster,27% faster,40% faster,50% faster,,,,,,,,,,,,2,ServiceNow's analysis of thousands of instances found that those with healthy CMDBs resolve high-priority incidents on average 27% faster than instances with unhealthy CMDBs.,Govern
In which ServiceNow release was the group synchronization feature for Dynamic CI Groups and Technical Service Offerings added?,multiple-choice,Rome,San Diego,Tokyo,Utah,,,,,,,,,,,,2,The group synchronization feature (CSDM - Sync Group Attributes business rule) that cascades group attributes from TSOs to CIs in Dynamic CI Groups was added in the San Diego release.,Govern
"In CSDM Crawl-Walk-Run-Fly adoption levels, at which level are Dynamic CI Groups and location hierarchy addressed?",multiple-choice,Crawl,Walk,Run,Fly,,,,,,,,,,,,2,"Dynamic CI Groups, their connection to infrastructure, and location hierarchy are addressed at the Walk level of CSDM adoption. This represents intermediate maturity in CSDM implementation.",Govern
"When creating a Dynamic CI Group linked to a Technical Service Offering, what type must be selected when creating the CMDB Query?",multiple-choice,List,Report,Query,Filter,,,,,,,,,,,,3,"When creating a CMDB Query for use with a Dynamic CI Group, you must set the type to 'Query' (also referred to as 'assumed to be queried'). This enables the query to be referenced by CMDB Groups.",Govern
"In the Build and Integrate domain, what is the purpose of the SDLC Component object?",multiple-choice,To track software licenses and compliance,To identify individually developed parts of a business application like microservices and APIs,To manage user access to development environments,To store backup copies of source code,,,,,,,,,,,,2,"The SDLC (Software Development Lifecycle) Component identifies individually developed parts of a monolithic business application, such as microservices, APIs, and other components that can be developed and released separately. This provides visibility into what's being built before it becomes a deployed service instance.",Ingest
What role is required to view and edit the Identification and Reconciliation properties in ServiceNow?,multiple-choice,cmdb_admin,admin,itil,cmdb_editor,,,,,,,,,,,,2,The admin role is required to view and edit the Identification and Reconciliation properties. This is explicitly stated in the ServiceNow documentation for IRE properties.,Ingest
What is the default value of the glide.identification_engine.skip_duplicates.threshold property?,multiple-choice,3,10,5,20,,,,,,,,,,,,3,The default value of glide.identification_engine.skip_duplicates.threshold is 5. This property sets the maximum number of CIs that can be in a set of duplicate CIs before the system stops processing them as duplicates.,Ingest
What is the default AWS key rotation period (in days) for the Service Graph Connector for AWS?,multiple-choice,30,60,90,180,,,,,,,,,,,,3,The aws_rotate_keys_period connection property defaults to 90 days for the Service Graph Connector for AWS. This defines how frequently AWS access keys are rotated.,Ingest
What happens when the glide.class.upgrade.enabled property is set to false during IRE identification and reconciliation?,multiple-choice,IRE silently ignores the class upgrade and processes the remaining CI updates,IRE rejects the payload with the reclassification update and creates a reclassification task,IRE automatically downgrades the CI to the nearest parent class,IRE logs a warning and forces the class upgrade regardless of the setting,,,,,,,,,,,,2,"When glide.class.upgrade.enabled is set to false, IRE rejects a payload (or a payload item in Enhanced IRE) with the respective reclassification update, and creates a reclassification task. This behavior is consistent across all three reclassification types (upgrade, downgrade, and switch).",Ingest
How does the glide.identification_engine.update_without_upgrade_enabled property interact with the glide.class.upgrade.enabled property when both are configured?,multiple-choice,glide.class.upgrade.enabled always takes precedence over update_without_upgrade_enabled,Both properties must be set to true for class upgrades to be processed,glide.identification_engine.update_without_upgrade_enabled takes precedence over glide.class.upgrade.enabled,The properties are independent and do not interact with each other,,,,,,,,,,,,3,"The glide.identification_engine.update_without_upgrade_enabled property takes precedence over the glide.class.upgrade.enabled property. When set to true, IRE processes the CI updates but does not process the CI upgrade reclassification update.",Ingest
Which types of CI reclassification can be individually controlled through IRE properties during identification and reconciliation? (Select all that apply),multiple-choice,Class upgrade,Class merge,Class downgrade,Class switch,,,,,,,,,,,,"1,3,4","IRE provides individual property controls for three types of CI reclassification: class upgrade (glide.class.upgrade.enabled), class downgrade (glide.class.downgrade.enabled), and class switch (glide.class.switch.enabled). Each can be independently enabled or disabled.",Ingest
An administrator discovers that 4 duplicate CIs exist for a single server in the CMDB. The glide.identification_engine.skip_duplicates property is set to true and the threshold is at its default value. What will the IRE do when processing an incoming payload that matches these duplicates?,multiple-choice,Matching fails and an error is logged for the duplicate CIs,A new CI is created instead of updating any of the duplicates,"The oldest duplicate CI is picked as a match and updated, and the remaining duplicates have their duplicate_of field set to reference the main CI",All 4 duplicate CIs are merged into a single CI record,,,,,,,,,,,,3,"Since the number of duplicates (4) is less than the default threshold of 5, and skip_duplicates is true, the oldest duplicate CI is picked as a match and gets updated. That oldest CI is designated as the main CI, and the remaining duplicate CIs have their duplicate_of field set as a reference to the main CI.",Ingest
An organization wants to configure the Service Graph Connector for AWS to use an AWS Config aggregator for collecting resource data across multiple accounts. Which connection properties must be configured? (Select TWO),multiple-choice,config_aggregator_name and config_aggregator_region,aws_rotate_keys and aws_rotate_keys_period,config_aggregator_account,s3_bucket_name and s3_region,,,,,,,,,,,,"1,3","To configure an AWS Config aggregator for the Service Graph Connector for AWS, you need to set config_aggregator_name (the name of the configuration aggregator), config_aggregator_account (the AWS account where the aggregator is configured), and config_aggregator_region (the AWS region of the aggregator). Options A and C together cover all three required aggregator properties.",Ingest
What are the two primary functions that the Identification and Reconciliation Engine (IRE) performs to maintain data integrity in the CMDB?,multiple-choice,Importing data from third-party sources and creating transform maps,Preventing duplicate CIs and reconciling CI attributes from authoritative data sources,Scheduling discovery patterns and managing discovery credentials,Generating CMDB health reports and validating CI relationship types,,,,,,,,,,,,2,"IRE prevents duplicate CIs by uniquely identifying them using identification rules, and reconciles CI attributes by allowing only authoritative data sources to write to the CMDB. These are the two core functions that maintain CMDB data integrity.",Ingest
Which role is required for full access to create and update CI identification rules in ServiceNow?,multiple-choice,itil,itil_admin (on top of itil),admin,cmdb_editor,,,,,,,,,,,,2,The itil_admin role (on top of itil) is required for full access to CI identification rules. The itil role alone only provides read access.,Ingest
Why does the IRE identification process use dependent relationships when identifying application CIs such as a Tomcat application running on a Windows Server?,multiple-choice,To reduce the total number of identification rules that need to be configured in the system,"To ensure the application CI is identified in the context of its host, preventing ambiguous matches across multiple servers",To allow the application CI to inherit the sys_id of the host server CI,To bypass reconciliation rules for dependent application CIs,,,,,,,,,,,,2,"Dependent relationships force the identification process to first identify the host (e.g., Windows Server) and then identify the application (e.g., Tomcat) in the context of that host. This prevents ambiguous matches because the same application path could exist on multiple servers.",Ingest
Which enhanced IRE API option is disabled by default when using the CreateOrUpdateCIEnhanced() API?,multiple-choice,partial_payloads,partial_commits,deduplicate_payloads,generate_summary,,,,,,,,,,,,4,"The generate_summary option is disabled by default. When enabled, IRE generates summaries in the output payload with processing details such as the number of updates per class. The other three options (partial_payloads, partial_commits, deduplicate_payloads) are all enabled by default.",Ingest
Which methods can IRE use to generate an identifier key for a payload item? (Select TWO),multiple-choice,A combination of source_name and source_native_key values from the sys_object_source_info object,The CI's sys_id value stored in the CMDB,Identification criterion attributes defined in the identification rule,The discovery_source and first_discovered timestamp combination,,,,,,,,,,,,"1,3","IRE generates identifier keys based on either: (1) a combination of source_name and source_native_key values from the sys_object_source_info object, or (2) identification criterion attributes. These keys are then used to match partial and incoming payloads.",Ingest
An administrator needs to create a CI identification rule that uses attributes from both the CI's own table and a related lookup table to uniquely identify the CI. Which identifier entry option should the administrator select?,multiple-choice,Use attributes from main table,Use attributes from another table (Lookup table),Use attributes from main and another table (Hybrid),Use attributes from Related Entries,,,,,,,,,,,,3,The Hybrid identifier entry option allows selecting attributes from both the currently selected table (main table) and from another related lookup table. This is the correct choice when attributes from both tables are needed for unique identification.,Ingest
Where in ServiceNow do you navigate to create a CI identification rule?,multiple-choice,All > Configuration > Identification Rules,All > CMDB > IRE Configuration,All > Configuration > CI Class Manager,All > Discovery > CI Identification,,,,,,,,,,,,3,"To create a CI identification rule, navigate to All > Configuration > CI Class Manager, select the class from the Hierarchy view, expand Class Info, and select Identification Rule.",Ingest
An administrator is configuring identifier entries for a CI identification rule and needs to understand priority behavior. Which statements about identifier entry priority are correct? (Select TWO),multiple-choice,Identifier entries with lower priority numbers are given higher priority,Identifier entries with higher priority numbers are given higher priority,Identifier entries with identical priorities are applied in alphabetical order by name,Gaps can be kept between priority numbers so new entries can be inserted without modifying existing priority order,,,,,,,,,,,,"1,4","Identifier entries are applied based on priority where lower numbers mean higher priority. ServiceNow recommends keeping gaps between priority numbers so that new entries can be assigned unused priority numbers without reordering existing entries. Entries with identical priorities are applied randomly, not in any deterministic order.",Ingest
"In the Service Graph Connector for Observability - Dynatrace, which engine is used to map and transform data from Dynatrace data sources into ServiceNow CMDB CI class definitions?",multiple-choice,Identification and Reconciliation Engine (IRE),Robust Transform Engine (RTE),IntegrationHub ETL Engine,CMDB Transform Engine,,,,,,,,,,,,2,Data from the Dynatrace data sources is mapped and transformed into the ServiceNow CMDB Configuration Item (CI) class definitions using the Robust Transform Engine (RTE). The IRE is used separately to insert the transformed data into the CMDB.,Ingest
"When the Service Graph Connector for Observability - Dynatrace ingests process data from the SGO-Dynatrace Processes data source, how does it determine which CMDB table to populate?",multiple-choice,The data is mapped directly to the Application [cmdb_ci_appl] table based on the staging table schema,Application Dependency Mapping (ADM) analyzes the imported data and uses Discovery Process Classifications to identify the appropriate table,An administrator must manually assign each process to a CMDB CI class using transform map field mappings,The Robust Transform Engine automatically classifies processes using the CI Class Manager,,,,,,,,,,,,2,"The target table for process data is populated using Application Dependency Mapping (ADM). The ADM adapter analyzes the imported data and command-line arguments, then identifies the appropriate table based on the conditions included in Discovery Process Classifications list. The resulting table extends the Application [cmdb_ci_appl] table.",Ingest
A ServiceNow administrator is planning to upgrade the Service Graph Connector for Observability - Dynatrace to version 1.10.0. What prerequisite step must be completed before the upgrade?,multiple-choice,Back up all Dynatrace staging tables and disable all scheduled data imports,Uninstall the Integration Commons for CMDB store app and reinstall after the upgrade,Disable the reconciliation rules for tables extending the Application [cmdb_ci_appl] table,Create a new OAuth 2.0 connection alias in the SGC Central view,,,,,,,,,,,,3,"Before upgrading the Service Graph Connector for Observability - Dynatrace to version 1.10.0 or later, you must disable the reconciliation rules for tables extending the Application [cmdb_ci_appl] table to avoid issues with data reconciliation.",Ingest
"Which Robust Transform Engine (RTE) operation type combines the values from multiple input fields into a single string, with an optional joining string parameter?",multiple-choice,Copy,Multiple Input Script,Concatenation,Replace,,,,,,,,,,,,3,"The Concatenation RTE operation combines the values from input fields into a single string, joining them on the optional joining_string field. For example, inputs 'input_1', 'input_2', 'input_3' with joining_string ', ' produces 'input_1, input_2, input_3'.",Ingest
"When using the RTE Convert to Boolean operation, which input value produces a result of `true`?",multiple-choice,"""11""","""0""","""yes""","""1""",,,,,,,,,,,,4,"The RTE Convert to Boolean operation outputs true only when the input is 'true' or '1' (case insensitive). All other values, including '11', '0', and 'yes', return false.",Ingest
Which TWO of the following are valid Robust Transform Engine (RTE) operation types provided by the Integration Commons for CMDB app? (Select TWO),multiple-choice,Glide Lookup,JSON Parse,Extract First Numeric,Field Validator,,,,,,,,,,,,"1,3","Glide Lookup performs a database lookup on a target table based on specified fields, and Extract First Numeric sets the target field as the first numeric value found in the source field. Both are documented RTE operation types in the Integration Commons for CMDB app.",Ingest
"An integration developer is using the RTE Copy operation to populate target fields from a source field. The `overwrite_existing_value` field has not been configured. If the target field already contains a value, what happens when the operation runs?",multiple-choice,The target field value is replaced with the source field value,The operation throws an error because the overwrite behavior is not explicitly configured,The existing target field value is preserved and not overwritten,The source and target field values are concatenated together,,,,,,,,,,,,3,"When the overwrite_existing_value field is not set to true, any non-empty target field value is preserved and not overwritten. The Copy operation only replaces target field values when overwrite_existing_value is explicitly set to true.",Ingest
Which TWO statements correctly describe the Service Graph Connector for Observability - Dynatrace? (Select TWO),multiple-choice,The recommended method for configuring a connection is through the SGC Central view in the CMDB Workspace,The connector uses standard import sets and transform maps to process Dynatrace data into the CMDB,Data is inserted into the ServiceNow CMDB using the Identification and Reconciliation Engine (IRE),The connector is provided and maintained by Dynatrace as a third-party integration,,,,,,,,,,,,"1,3","SGC Central in the CMDB Workspace is the recommended method for configuring connector connections, as the guided setup method is being deprecated. Additionally, data is inserted into the CMDB using the Identification and Reconciliation Engine (IRE) after being transformed by the Robust Transform Engine (RTE).",Ingest
"In the Service Graph Connector for GCP, which engine is used to map and transform data from GCP data sources into ServiceNow CMDB CI class definitions?",multiple-choice,Identification and Reconciliation Engine (IRE),Robust Transform Engine (RTE),IntegrationHub ETL,CMDB Transform Engine,,,,,,,,,,,,2,The Robust Transform Engine (RTE) is used to map and transform data from GCP data sources into ServiceNow CMDB CI class definitions. The IRE is then used separately to insert the transformed data into the CMDB.,Ingest
Which of the following is a key feature of the Service Graph Connector for GCP?,multiple-choice,Requires a dedicated MID Server for data collection,Requires agents installed on each GCP resource for scanning,No MID Server required for data ingestion,Supports only manual one-time data imports,,,,,,,,,,,,3,One of the key features of the Service Graph Connector for GCP is that no MID Server is required. The connector ingests data directly from GCP using REST APIs.,Ingest
What is the recommended method for configuring a connection for the Service Graph Connector for GCP?,multiple-choice,Use the guided setup available in the platform UI,Use the SGC Central view in the CMDB Workspace,Configure directly via the REST API Explorer,Use the CMDB Integrations Dashboard to create the connection,,,,,,,,,,,,2,"The SGC Central view in the CMDB Workspace is the recommended method for configuring connections. ServiceNow states that the guided setup method is being deprecated, and unless there are configuration issues, SGC Central should be used.",Ingest
"After installing the latest version of the Service Graph Connector for GCP, an administrator notices that newly added data sources are not appearing in integration runs. What should the administrator do?",multiple-choice,Reinstall the Service Graph Connector application from the ServiceNow Store,Synchronize the newly added data sources using the Advanced Setup section in the guided setup,Restart the MID Server to refresh the data source connections,Manually create new import sets and transform maps for each missing data source,,,,,,,,,,,,2,"After upgrading the Service Graph Connector for GCP, newly added data sources must be synchronized using the Advanced Setup section in the guided setup. This is a required post-upgrade step documented by ServiceNow.",Ingest
"When creating identification rules for non-CMDB tables in the Identification and Reconciliation Engine (IRE), which type of identification rules are supported?",multiple-choice,Both independent and dependent identification rules,Dependent identification rules only,Independent identification rules only,Reconciliation rules only,,,,,,,,,,,,3,"For non-CMDB tables, only independent identification rules are supported. The Independent checkbox must be checked when creating an identification rule for a non-CMDB table.",Ingest
Which of the following are valid types of identifier entries that can be configured when creating identification rules in ServiceNow? (Select TWO),multiple-choice,Regular identifier entry — selects criterion attributes from the associated identifier table,Dependent identifier entry — links the entry to a parent table's identification rules,Lookup identifier entry — selects criterion attributes from a related table other than the current table,Reconciliation identifier entry — maps attributes to reconciliation rules for data priority,,,,,,,,,,,,"1,3",Regular and Lookup identifier entries are two of the three valid types (along with Hybrid). A regular identifier entry selects criterion attributes from the associated identifier table. A lookup identifier entry selects criterion attributes from a related table (lookup table) other than the currently selected table.,Ingest
How does the Priority field on an identifier entry affect processing within an identification rule?,multiple-choice,"Higher priority numbers are given higher priority, and entries with the same number are processed alphabetically","Lower priority numbers are given higher priority, and entries with identical priorities are applied randomly","Priority determines the order of reconciliation, not identification",All identifier entries are evaluated simultaneously regardless of priority values,,,,,,,,,,,,2,"In ServiceNow identification rules, identifier entries with lower priority numbers are given higher priority (processed first). When identifier entries have identical priority values, they are applied randomly. ServiceNow recommends keeping gaps between priority numbers to allow inserting new entries without modifying existing priority order.",Ingest
An administrator needs to create a new identification rule for a supported non-CMDB table. Which of the following are required steps when configuring the Identifier form? (Select TWO),multiple-choice,Set the 'Applies to' field to the supported non-CMDB table,Check the 'Independent' checkbox to indicate the identifier can identify records independently,Select the 'Allow fallback to parent's rules' option to enable dependent rule behavior,Configure a reconciliation rule before creating the identification rule,,,,,,,,,,,,"1,2","When creating an identification rule for a non-CMDB table, the administrator must set the 'Applies to' field to a supported non-CMDB table and check the 'Independent' checkbox. Non-CMDB tables only support independent identification rules, so the Independent checkbox is mandatory.",Ingest
What is the purpose of the Business Service object in the Service Consumption domain?,multiple-choice,To store the technical configuration of applications,To identify portions of the business that depend on and are impacted by technology,To manage the service catalog item offerings,To track incident tickets related to business functions,,,,,,,,,,,,2,"Business Service represents the business functions that consume and depend on technology (Service Instances). Its primary purpose is enabling impact analysis - if technology has an issue, Business Service identifies what portion of the business is impacted or may not be able to perform its function.",Insight
What does the service classification attribute indicate on a service record?,multiple-choice,The priority level of the service,"The type of service table the record belongs to (business service, technical service, etc.)",The security classification for data protection,The department responsible for the service,,,,,,,,,,,,2,"Service classification is an attribute that identifies the type of service (business service, technical service, etc.) and is used for filtering, reporting, and metrics. When on a business service table, the classification would be 'business service'. This is a legacy attribute that helps differentiate service types.",Insight
"Which ServiceNow product provides visualization of CSDM data across the entire service lifecycle, including Plan, Build, Run, and Info views?",multiple-choice,Service Catalog,Digital Portfolio Management (DPM),Performance Analytics,Discovery,,,,,,,,,,,,2,"Digital Portfolio Management (DPM) provides visualization of CSDM data across the entire service lifecycle. It shows tabs like Plan, Build, Run, and Info that correspond to CSDM domains. DPM helps visualize why data is placed in specific CSDM tables and what value it provides.",Insight
An organization wants to understand which groups of employees are affected when a specific business service has an outage. Which CSDM feature in the Service Consumption domain provides this capability?,multiple-choice,Service classification attribute,Subscriber relationships on Business Service Offering,Dynamic CI Groups,Application Service dependency maps,,,,,,,,,,,,2,"The subscriber perspective on Business Service Offering allows declaring who subscribes to a service - whether it's people in a specific group, an entire department, or a location. This provides business context for impact analysis during outages.",Insight
Which role is the minimum requirement to access the Insights view in CMDB Workspace?,multiple-choice,admin,sn_cmdb_user,itil_admin,sn_cmdb_editor,,,,,,,,,,,,2,The sn_cmdb_user (CMDB User) role is the minimum role required to access the Insights view. Higher roles like sn_cmdb_admin and sn_cmdb_editor contain sn_cmdb_user and also grant access.,Insight
What are the three categories of CMDB feature adoption displayed in the Insights view?,multiple-choice,"Data Ingestion, Data Governance, and Search & Analytics","Best Practices, Customizations, and Data Management Practices","Discovery, Integration, and Reporting","Data Quality, Data Completeness, and Data Compliance",,,,,,,,,,,,1,"The CMDB feature adoption tile in the Insights view shows dial charts for three categories: Data Ingestion, Data Governance, and Search & Analytics. Each category has associated feature cards showing adoption progress.",Insight
"In the CMDB Workspace Insights view, what determines the overall adoption level for the Data Ingestion category?",multiple-choice,The number of Service Graph Connectors installed in the instance,The percentage of CIs that are processed by the Identification and Reconciliation Engine (IRE),The number of IntegrationHub ETL transform maps configured,Whether the CMDB application for APIs and CLI store app is installed,,,,,,,,,,,,2,"The overall adoption level for Data Ingestion is based on the percentage of CIs processed by IRE. Low (red) = less than 80%, Moderate (amber) = 80-90%, and High (green) = over 90%. This same percentage also determines the adoption level for the 'CIs processed by IRE' feature card.",Insight
Which two scheduled jobs must be running for the CMDB Data Foundations dashboard to display data? (Select TWO),multiple-choice,CMDB Get Well Metric Collection,CMDB Data Foundations PA Metric Collection,CMDB Workspace - Populate aggregates Monthly,CMDB Health Scan Collection,,,,,,,,,,,,"1,2","The CMDB Data Foundations dashboard requires two key scheduled jobs: (1) CMDB Get Well Metric Collection, which calculates and stores details for compliant CIs and populates the list view of metrics, and (2) CMDB Data Foundations PA Metric Collection, which calculates total non-compliant CIs and populates PA widgets. Both run daily by default.",Insight
"A CMDB administrator notices that the Insights view shows a red (Low) adoption level for the Data Ingestion category. What does this indicate, and what should they investigate?",multiple-choice,Fewer than 33% of data governance features are in use; they should enable more CMDB Data Manager policies,Less than 80% of CIs are processed by IRE; they should investigate CIs not going through identification and reconciliation,No Service Graph Connectors are installed; they should install at least one connector from the ServiceNow Store,The IntegrationHub ETL app is not installed; they should install it to improve data ingestion,,,,,,,,,,,,2,"A red (Low) adoption level for Data Ingestion means less than 80% of CIs are processed by IRE. CIs not processed by IRE introduce data integrity risks, so the administrator should investigate which CIs are bypassing IRE and ensure they are ingested through proper channels.",Insight
What are the four tabs available on the CMDB Data Foundations dashboard?,multiple-choice,"Data Ingestion, Data Governance, Search & Analytics, and Performance","Best Practices, Customizations, Data Management Practices, and ITSM Processes","Compliance, Health Score, Remediation, and Reporting","Feature Adoption, Performance Insights, Application Services, and Cloud Resources",,,,,,,,,,,,2,"The CMDB Data Foundations dashboard provides four tabs: Best Practices (checks CSDM-related standards adherence), Customizations (checks proper use of customizations), Data Management Practices (checks data import integrity), and ITSM Processes (checks ITSM leverage of CMDB data).",Insight
Why might a feature adoption card in the CMDB Workspace Insights view not immediately reflect the latest status after a feature is installed and configured?,multiple-choice,The card only updates when the CMDB administrator manually triggers a refresh,"Card data is collected by scheduled jobs that run every 24 hours, so up to a day may pass before the card reflects the latest status",Performance Analytics indicators must be manually recalculated before data appears on cards,The Insights view requires a browser cache clear before new data is displayed,,,,,,,,,,,,2,"Most card scheduled jobs run every 24 hours, so card data is based on recent but not necessarily current data. After getting started with a feature, the card won't reflect the latest status until the card's scheduled job runs (up to 24 hours later). The 'Last updated' timestamp on cards reflects the data collection time.",Insight
A ServiceNow administrator wants to review the CMDB Data Foundations dashboard but receives an access error. Which roles could grant the administrator access to this dashboard? (Select TWO),multiple-choice,sn_cmdb_user,itil_admin,asset,sn_cmdb_editor,,,,,,,,,,,,"2,3","Access to the CMDB Data Foundations dashboard requires the admin, itil_admin, or asset role. The itil_admin and asset roles are both valid options that would grant access. Some drill-down metrics to PA data may require additional roles.",Insight
"Starting with the Xanadu release, which feature in the CMDB Workspace replaces the legacy Multisource Report Builder for creating multisource queries?",multiple-choice,CMDB Query Builder,CMDB 360 query builder,CMDB Health Dashboard,CMDB Unified Map,,,,,,,,,,,,2,"Starting with the Xanadu release, the Multisource CMDB feature is part of the CMDB 360 feature accessible in the CMDB Workspace. The CMDB 360 query builder is used to create, view, modify, schedule, and run CMDB 360 queries.",Insight
Which THREE query types can be created using the CMDB 360 query builder in the CMDB Workspace? (Select THREE),multiple-choice,Get Records,Find Gap,Compare Attribute Values,Reconciliation Audit,,,,,,,,,,,,"1,2,3","The CMDB 360 query builder supports three query types: Get Records (queries discovery sources for CIs matching criteria), Find Gap (queries for gaps in discovery sources), and Compare Attribute Values (queries for CIs with attribute values that differ across multiple discovery sources or against the CMDB).",Insight
What are the three result types available when creating a query in the legacy Multisource Report Builder?,multiple-choice,"CI records, Multisource data records, Discovery sources","CI records, Relationship records, Attribute records","Discovery sources, Reconciliation results, Health scores","CI records, Application services, Technical services",,,,,,,,,,,,1,"The three result types for a Multisource query are: CI records (unique CIs from the Multisource CMDB data store), Multisource data records (all entries of CI/discovery source combinations), and Discovery sources (results grouped by discovery sources matching the query criteria).",Insight
"An administrator has just created and saved a new Multisource query in the legacy Multisource Report Builder. They want to create a Multisource report based on this query, but the Create Report button is grayed out. What must the administrator do first?",multiple-choice,"Run the query, then create and run a schedule for the query",Assign the cmdb_ms_admin role to their user account,Export the query results to a CSV file first,Add at least one discovery source to the query conditions,,,,,,,,,,,,1,"After creating a query, both the Create Schedule and Create Report buttons are grayed out. Only after saving the query can you create and run a schedule for the query, and only then can you create a report based on the query. The schedule must run at least once before creating a report.",Insight
"Which role is required to create, save, and modify queries in the CMDB Query Builder?",multiple-choice,cmdb_query_builder_read,cmdb_query_builder,cmdb_ms_editor,cmdb_admin,,,,,,,,,,,,2,"The cmdb_query_builder role is required to create and save queries, modify saved queries, and run queries in the CMDB Query Builder. This role is contained within the itil, itil_admin, and asset roles.",Insight
"In the CMDB Query Builder, what does a dashed line between two nodes on the canvas represent?",multiple-choice,A direct relationship between two CI classes,An invalid connection with missing relationship type information,A pattern connection between an application service node and another node,A reference connection to a non-CMDB table,,,,,,,,,,,,3,"In the CMDB Query Builder, a dashed line represents a pattern connection between an application service node and another node. This is used when the 'Convert attached nodes to pattern' option is selected on the Application Service node.",Insight
"When building a query in the CMDB Query Builder, which TWO statements are true about non-CMDB tables? (Select TWO)",multiple-choice,A non-CMDB table cannot be the starting node in the query,Non-CMDB tables are dragged from the CMDB Classes tab,A CI reference column must be configured for the connection to a non-CMDB table,Non-CMDB tables can only be added to combination queries,,,,,,,,,,,,"1,3","Non-CMDB tables have two key constraints: they cannot be the starting node in the query, and a CI reference column must be configured in the Connection Properties to establish the connection between the non-CMDB table and a CI class.",Insight
A CMDB administrator needs to use the CMDB Query Builder to find all Tomcat WAR CIs that are NOT connected to any Windows Server. Which option should they select in the Relationship Types and Related Items section of the Connection Properties?,multiple-choice,Add Relationship Types and filter for 'not equal to Windows Server',No Relationships,Add a Related Item and select Windows Server as excluded,Add Relationship Types and set the direction to 'Upstream only',,,,,,,,,,,,2,The 'No Relationships' option in the Relationship Types and Related Items section is used to query for CIs with no connecting relationships. The documentation specifically gives the example of querying 'All Tomcat WAR CIs which are not connected to a Windows Server' using this option.,Insight
What role is required to access the CMDB 360 view in CMDB Workspace?,multiple-choice,cmdb_query_builder,sn_cmdb_user,itil,cmdb_admin,,,,,,,,,,,,2,"The sn_cmdb_user (CMDB user) role, or any role that contains sn_cmdb_user, is required to access the CMDB 360 view in CMDB Workspace. Additionally, CMDB 360 must be enabled and configured.",Insight
Which role is required to create and save queries in the CMDB Query Builder?,multiple-choice,cmdb_query_builder_read,sn_cmdb_user,cmdb_query_builder,cmdb_editor,,,,,,,,,,,,3,"The cmdb_query_builder role is required to create and save queries, modify saved queries, and run queries in the CMDB Query Builder. This role is contained within the itil, itil_admin, and asset roles.",Insight
How many saved queries can the CMDB 360 Saved queries card display?,multiple-choice,10,15,20,50,,,,,,,,,,,,3,The Saved queries card in the CMDB 360 view displays up to 20 queries. Saved queries are sorted on both the card and list view by the most recently created or updated queries.,Insight
"On the CMDB 360 Multisource Data Preview page, what does a discovery source value highlighted in green indicate?",multiple-choice,The value was reported by the most recent discovery scan,The value was used for the current CMDB attribute value,The value has been flagged for reconciliation review,The value comes from the designated primary discovery source,,,,,,,,,,,,2,"On the Multisource Data Preview page, a discovery source value highlighted in green indicates that the value was used for the current CMDB value. These green-highlighted values are identical to the current CMDB value of the attribute.",Insight
What does a Service Mapping query type return when run in the CMDB Query Builder?,multiple-choice,All CIs matching the specified attribute filters regardless of service membership,All Service Mapping services that contain the specified pattern of classes and relationships,All discovery sources that have mapped services in the environment,All CI relationships across the entire CMDB filtered by class type,,,,,,,,,,,,2,"A Service Mapping query type is built as a pattern consisting of classes and relationships between those classes. When the query runs, it returns all Service Mapping services that contain that specified pattern.",Insight
"When viewing the Multisource Data Preview page from a CMDB 360 Data mismatch record, which THREE filtering options are available for viewing attributes? (Select all that apply)",multiple-choice,All attributes,Attributes with CMDB values,Attributes with reconciliation conflicts,Attributes with multisource data,,,,,,,,,,,,"1,2,4","The Multisource Data Preview page offers three filtering options: 'All attributes' (shows all attributes of the selected class), 'Attributes with CMDB values' (shows only attributes with a value in the CMDB), and 'Attributes with multisource data' (shows attributes with the current CMDB value and values from other discovery sources).",Insight
"A CMDB administrator configures the 'Number of days since CIs were last discovered by a discovery source' setting to 5 days. A Windows server CI is reported by ServiceNow (today), SCCM (3 days ago), and ServiceWatch (6 days ago). How will this CI appear on the CMDB 360 dashboard?",multiple-choice,It will not appear on any Potential issues card because the majority of discovery sources are reporting within the threshold,It will appear on the Data mismatch card due to timing differences between discovery sources,It will appear on the CIs not reported by discovery sources card because ServiceWatch has not reported within 5 days,It will appear on the Coverage: CIs with a single discovery source card since only one source is current,,,,,,,,,,,,3,"The CI will appear on the 'CIs not reported by discovery sources' card because ServiceWatch last reported 6 days ago, which exceeds the configured 5-day threshold. This card lists CIs discovered by multiple discovery sources where one or more sources have stopped reporting within the specified number of days.",Insight
A ServiceNow administrator wants to use the CMDB Query Builder to find all Tomcat WAR CIs that are connected to either a Linux Server or a Windows Server. Which TWO actions must the administrator perform when building this Service Mapping query? (Select TWO),multiple-choice,Toggle the And/Or operator on the connection lines to Or,Select Find Unrelated CIs in the Service Query Properties for both connections,Connect the Tomcat WAR node to both the Linux Server and Windows Server nodes,Apply a filter on the Tomcat WAR node to restrict results to Linux and Windows platforms,,,,,,,,,,,,"1,3","To build a query for Tomcat WAR CIs connected to either Linux Server or Windows Server, the administrator must: (1) connect the Tomcat WAR node to both the Linux Server and Windows Server nodes on the canvas, and (2) toggle the And/Or operator that appears on the connection line to Or. The documentation provides this exact example: 'C1 is Tomcat WAR, C2 is Linux Server, and C3 is Windows Server. Query for all Tomcat WAR CIs which are connected either to Linux Server Or to a Windows Server.'",Insight
What are the three KPI tiles displayed on the CMDB Health Dashboard?,multiple-choice,"Accuracy, Completeness, Compliance","Completeness, Correctness, Compliance","Availability, Completeness, Correctness","Compliance, Coverage, Correctness",,,,,,,,,,,,2,"The CMDB Health Dashboard displays three KPI tiles — Completeness, Correctness, and Compliance — each shown as donut charts representing compliant (green) and non-compliant (red) CIs.",Insight
Which system property is used to enable CMDB 360?,multiple-choice,glide.identification_engine.multisource_cmdb_ci_enabled,sn_cmdb_ws.ms.calculate_cmdb_only,glide.identification_engine.multisource_enabled,glide.cmdb.logger.source.cmdb_multisource,,,,,,,,,,,,3,The glide.identification_engine.multisource_enabled property enables CMDB 360 and is set to false by default. It is configured on the CMDB 360 Properties page.,Insight
Which of the following roles grants access to the CMDB Health Dashboard?,multiple-choice,cmdb_admin,cmdb_ms_read,asset,sn_cmdb_admin,,,,,,,,,,,,3,"Using the CMDB Health Dashboard requires the asset, itil, or cmdb_user role. The asset role is one of the three roles that grants access.",Insight
How is the overall health score on the CMDB Health Dashboard calculated by default?,multiple-choice,As a weighted average based on administrator-configured KPI weights,As the lowest score among the three KPIs,"As a simple average of the Completeness, Correctness, and Compliance KPI scores",As the sum of all compliant CIs divided by the total CI count,,,,,,,,,,,,3,"By default, the overall score is calculated as a simple average of the three KPI scores (Completeness, Correctness, and Compliance). Weighted calculation is only used when legacy calculation methods are enabled.",Insight
What must be activated for the Service view in the CMDB Health Dashboard to display meaningful data?,multiple-choice,CMDB 360 (com.snc.cmdb) plugin,Event Management and Service Mapping Core plugin,Discovery and Service Mapping Patterns plugin,CMDB CI Class Manager plugin,,,,,,,,,,,,2,"The Event Management and Service Mapping Core plugin must be activated to enable meaningful data in the CMDB Health Dashboard's Service view. Without it, the service view will not display useful health data.",Insight
Which of the following statements about CMDB 360 roles are correct? (Select TWO),multiple-choice,The cmdb_ms_read role allows users to create and run CMDB 360 queries,The cmdb_ms_editor role contains the cmdb_ms_read role,The cmdb_ms_admin role can modify CMDB 360 properties,The cmdb_ms_editor role can perform Recompute operations,,,,,,,,,,,,"2,3",The cmdb_ms_editor role contains the cmdb_ms_read role and provides full read/write access plus query creation. The cmdb_ms_admin role can create and run queries and modify CMDB 360 properties.,Insight
A CMDB administrator notices that CMDB 360 Coverage charts in CMDB Workspace have stopped populating data for a specific CI class. What is the most likely cause?,multiple-choice,The CMDB 360 property glide.identification_engine.multisource_enabled has been set to false,The class has been added to the CMDB 360 denied classes [cmdb_multisource_deny_class] table,The number of multisource records for the class exceeded the threshold in the sn_cmdb_ws.ms.report_class_ci_count_max_threshold property,The cmdb_ms_admin role has been revoked from the administrator's account,,,,,,,,,,,,3,"When the number of multisource records for a class exceeds the threshold set in sn_cmdb_ws.ms.report_class_ci_count_max_threshold (default 10 million), a record is created in the CMDB 360 Analytics Skipped Class table causing that class to be skipped in future Coverage chart computations.",Insight
An administrator needs to capture CMDB 360 data for non-CMDB classes such as Serial Number [cmdb_serial_number]. Which properties must be set to true to accomplish this? (Select TWO),multiple-choice,glide.identification_engine.multisource_enabled,glide.identification_engine.multisource_cmdb_ci_enabled,glide.identification_engine.multisource_non_cmdb_ci_enabled,sn_cmdb_ws.ms.calculate_cmdb_only,,,,,,,,,,,,"1,3","Two properties must be set to true: glide.identification_engine.multisource_enabled to enable CMDB 360 overall (default: false), and glide.identification_engine.multisource_non_cmdb_ci_enabled to capture data from non-CMDB classes (default: false).",Insight