cert,resource_type,name,weight,listed_in,url,format,duration,notes,source_url,checked_on
CSA,spec,Exam blueprint,,,https://learning.servicenow.com/kb?id=kb_article_view&sysparm_article=KB0011554,,,KB0011554; blueprint says 'Updated January 2026',https://learning.servicenow.com/kb?id=kb_article_view&sysparm_article=KB0011554,2026-09-27
CSA,credential-path,Credential path page,,,https://learning.servicenow.com/lxp/en/pages/now-learning-get-certified?id=amap_detail&summary_id=6298ea68db1a7300de3cdb85ca961923,,,"ServiceNow University ""Get Certified"" path",https://learning.servicenow.com/lxp/en/pages/now-learning-get-certified?id=amap_detail&summary_id=6298ea68db1a7300de3cdb85ca961923,2026-09-27
CSA,domain,Platform Overview and Navigation,7%,,,,,ServiceNow Platform overview; Platform capabilities and services; The ServiceNow Instance; Next Experience Unified Navigation,https://learning.servicenow.com/kb?id=kb_article_view&sysparm_article=KB0011554,2026-09-27
CSA,domain,Instance Configuration,10%,,,,,Installing applications and plugins; Personalizing/customizing the instance; Common user interfaces in the Platform,https://learning.servicenow.com/kb?id=kb_article_view&sysparm_article=KB0011554,2026-09-27
CSA,domain,Configuring Applications for Collaboration,20%,,,,,"Lists, Filters, and Tags; List and Form anatomy; Form Configuration; Form templates and saving options; Advanced Form Configuration; Task Management; Visual Task Boards (VTBs); Visualizations, Dashboards, and Platform Analytics; Notifications",https://learning.servicenow.com/kb?id=kb_article_view&sysparm_article=KB0011554,2026-09-27
CSA,domain,Self Service & Automation,20%,,,,,Knowledge Management; Service Catalog; Workflow Studio; Virtual Agent,https://learning.servicenow.com/kb?id=kb_article_view&sysparm_article=KB0011554,2026-09-27
CSA,domain,Database Management and Platform Security,30%,,,,,Data Schema; Application/Access Control; Importing Data; CMDB and CSDM; Security Center; Shared Responsibility Model,https://learning.servicenow.com/kb?id=kb_article_view&sysparm_article=KB0011554,2026-09-27
CSA,domain,Data Migration and Integration,13%,,,,,UI Policies; Business Rules; System update sets; Scripting in ServiceNow,https://learning.servicenow.com/kb?id=kb_article_view&sysparm_article=KB0011554,2026-09-27
CSA,doc,ServiceNow Product documentation,,blueprint,https://docs.servicenow.com/en-US/,,,General docs site; blueprint says exam questions are based on the product documentation,https://learning.servicenow.com/kb?id=kb_article_view&sysparm_article=KB0011554,2026-09-27
CSA,exam,Certified System Administrator (CSA),,credential path: step 2,https://learning.servicenow.com/lxp?id=learning_course_prev&course_id=bc49278a47f8b21019dfe23c326d4390,Exam : Pearson Vue,1h 30m,Exam registration page,https://learning.servicenow.com/lxp/en/pages/now-learning-get-certified?id=amap_detail&summary_id=6298ea68db1a7300de3cdb85ca961923,2026-09-27
CSA,course,Welcome to ServiceNow,,blueprint: recommended; credential path: step 1 (Suggested pre-requisites),https://learning.servicenow.com/lxp?id=learning_course_prev&course_id=77e26b46870fd5186a0bedbd0ebb3514,Choose course option (ILT or on-demand),,,https://learning.servicenow.com/kb?id=kb_article_view&sysparm_article=KB0011554,2026-09-27
CSA,course,ServiceNow Administration Fundamentals,,blueprint: recommended; credential path: step 1 (Suggested pre-requisites),https://learning.servicenow.com/lxp?id=learning_course_prev&course_id=f500497d476d6510abe089c2e36d4346,Choose course option (ILT or on-demand),,"Credential path name: ""ServiceNow Administration Fundamentals/CSA""",https://learning.servicenow.com/kb?id=kb_article_view&sysparm_article=KB0011554,2026-09-27
CAD,spec,Exam blueprint,,,https://learning.servicenow.com/kb?id=kb_article_view&sysparm_article=KB0011498,,,KB0011498; blueprint says 'Updated January 2026',https://learning.servicenow.com/kb?id=kb_article_view&sysparm_article=KB0011498,2026-09-27
CAD,credential-path,Credential path page,,,https://learning.servicenow.com/lxp/en/pages/now-learning-get-certified?id=amap_detail&summary_id=e0a8a628db1a7300de3cdb85ca9619b8&achievement_id=548e1d77dbc27f40de3cdb85ca961949,,,"ServiceNow University ""Get Certified"" path",https://learning.servicenow.com/lxp/en/pages/now-learning-get-certified?id=amap_detail&summary_id=e0a8a628db1a7300de3cdb85ca9619b8&achievement_id=548e1d77dbc27f40de3cdb85ca961949,2026-09-27
CAD,domain,Designing and Creating an Application,20%,,,,,Determine if an application is a good fit with ServiceNow; Design and implement a data model; Create modules; Use Application scope,https://learning.servicenow.com/kb?id=kb_article_view&sysparm_article=KB0011498,2026-09-27
CAD,domain,Application User Interface,20%,,,,,"Create, design, and customize forms; Add/Remove fields from forms and tables; Write, test, and debug client-side scripts for desktop; Write, test, and debug server-side scripts; Use a Record Producer as an application's UI",https://learning.servicenow.com/kb?id=kb_article_view&sysparm_article=KB0011498,2026-09-27
CAD,domain,Security and Restricting Access,20%,,,,,"Restrict access to applications and application modules; Manually and automatically create, test, and debug Access Controls; Use GlideSystem methods to script security; Use Application Scope to protect application artifacts",https://learning.servicenow.com/kb?id=kb_article_view&sysparm_article=KB0011498,2026-09-27
CAD,domain,Application Automation,20%,,,,,"Write, test, and debug Workflow and Flow Designer; Create and use Application Properties; Create Events, Scheduled Script Executions (Scheduled Jobs), and Utils (application) Script Includes; Send and receive email",https://learning.servicenow.com/kb?id=kb_article_view&sysparm_article=KB0011498,2026-09-27
CAD,domain,Working with External Data,10%,,,,,"Import data in CSV or Excel format; Integrate to, including testing and debugging, an external data source using REST",https://learning.servicenow.com/kb?id=kb_article_view&sysparm_article=KB0011498,2026-09-27
CAD,domain,Managing Applications,10%,,,,,Download and install applications; Use Delegated Development to manage source code and code review; Use the ServiceNow Git integration to manage source code,https://learning.servicenow.com/kb?id=kb_article_view&sysparm_article=KB0011498,2026-09-27
CAD,doc,ServiceNow Product documentation site,,blueprint,https://docs.servicenow.com/en-US/,,,General docs site; blueprint says exam questions are based on the product documentation,https://learning.servicenow.com/kb?id=kb_article_view&sysparm_article=KB0011498,2026-09-27
CAD,doc,ServiceNow Developer site,,blueprint,https://developer.servicenow.com/dev.do,,,Named as an exam question source,https://learning.servicenow.com/kb?id=kb_article_view&sysparm_article=KB0011498,2026-09-27
CAD,exam,Certified Application Developer (CAD),,credential path: step 3,https://learning.servicenow.com/lxp?id=learning_course_prev&course_id=ebca23cd47bc3e9076e07884f16d43a0,Exam : Pearson Vue,1h 30m,Exam registration page,https://learning.servicenow.com/lxp/en/pages/now-learning-get-certified?id=amap_detail&summary_id=e0a8a628db1a7300de3cdb85ca9619b8&achievement_id=548e1d77dbc27f40de3cdb85ca961949,2026-09-27
CAD,course,Welcome to ServiceNow,,blueprint: recommended; credential path: step 1 (Suggested pre-requisites),https://learning.servicenow.com/lxp?id=learning_course_prev&course_id=897467ca870fd5186a0bedbd0ebb355e,Choose course option (ILT or on-demand),,,https://learning.servicenow.com/kb?id=kb_article_view&sysparm_article=KB0011498,2026-09-27
CAD,course,Scripting in ServiceNow Fundamentals,,blueprint: recommended; credential path: step 1 (Suggested pre-requisites),https://learning.servicenow.com/lxp?id=learning_course_prev&course_id=2f4f3c79476d6510abe089c2e36d432a,Choose course option (ILT or on-demand),,,https://learning.servicenow.com/kb?id=kb_article_view&sysparm_article=KB0011498,2026-09-27
CAD,course,Application Development Fundamentals,,blueprint: recommended; credential path: step 2 (Proceed with recommended specialization courses in this path),https://learning.servicenow.com/lxp?id=learning_course_prev&course_id=e97448de1b2774543018dce4bd4bcbb1,Choose course option (ILT or on-demand),,,https://learning.servicenow.com/kb?id=kb_article_view&sysparm_article=KB0011498,2026-09-27
CPOA,spec,Exam blueprint,,,https://learning.servicenow.com/kb?id=kb_article_view&sysparm_article=KB0012914,,,KB0012914; blueprint says 'Updated November 2025',https://learning.servicenow.com/kb?id=kb_article_view&sysparm_article=KB0012914,2026-09-27
CPOA,domain,Strategy,21.4%,,,,,"Identify the process that helps an organization protect the technology landscape/environment from outages and improve the visibility of the landscape infrastructure; Identify the inputs to making a roadmap; Identify the characteristics of technical governance coding best practices; Identify the key considerations for user experience for interacting with the platform; Identify the level of engagement from Project Management Office (PMO) Functions during the Implementation phase; Identify the platform solution that allows building or supporting successful citizen development on the Platform; Given a scenario:; about a development strategy, identify the ServiceNow capability that should be used to meet the business needs; about an organization's needs and implementation strategy, identify the most efficient implementation sequence; using SDLC for developing in the ServiceNow environment, identify the key benefits; about a testing need, identify the application(s) that should be used for testing; about Project Management Office (PMO) Functions, identify the ServiceNow applications that should be recommended to them; about data, identify the impact of not having a contextual Configuration Management Database (CMDB); including a goal, identify the ServiceNow foundational element that will most completely accomplish this goal; about data strategy, identify the need for the appropriate process; about security, identify the method that should be used to secure the ServiceNow Platform",https://learning.servicenow.com/kb?id=kb_article_view&sysparm_article=KB0012914,2026-09-27
CPOA,domain,People,15.7%,,,,,"Identify the scope of a OCM Community Champion.; Given an IT and Security department are coming with conflicting applications/tools, identify how the platform owner should resolve the issue.; Given a scenario:; about a project that needs to be completed, identify the certification that will show an individual is prepared to complete the work; about organizational change management, identify the steps that should be taken; identify the factors to consider of a communication plan; about sponsorship engagement, identify any potential issues that will cause the sponsorship engagement to not be successful, and why; about engagement, identify the role that would be responsible for resolving an issue; about an organization and knowledge management, identify how knowledge management should be conducted; with various named roles in the organization and a task that needs to be completed, identify which role should be responsible for the task; about a supplier, identify the type of supplier that is needed to solve for the gap in expertise or time; about ServiceNow partners, identify a need for the partner or how to find the partner information that is needed",https://learning.servicenow.com/kb?id=kb_article_view&sysparm_article=KB0012914,2026-09-27
CPOA,domain,Process,15.7%,,,,,"Given a ServiceNow application deployment process per Now Create, identify the next stage in the process that should occur; Given a scenario:; about a code promotion process, identify the method that should be used; for a requirement on the platform that needs development, identify where the development should be done; identify the negative aspects of using the Waterfall approach; identify the type of Software Development Life Cycle (SDLC) that should be used or the benefits of using the given SDLC",https://learning.servicenow.com/kb?id=kb_article_view&sysparm_article=KB0012914,2026-09-27
CPOA,domain,Technology,22.9%,,,,,"Identify the critical components for an upgrade; Identify the scenario that requires cloning in the ServiceNow environment; Identify scenarios when exclusions or data preservers are required; Identify the characteristics of support portal in a ServiceNow environment; Identify the basic technical characteristics of the ServiceNow Platform Core Service; Identify the basic technical characteristics of the ServiceNow Platform Now Intelligence; Identify the basic technical characteristics of the ServiceNow Platform Admin and Configuration; Identify the basic technical characteristics of the ServiceNow Platform Integration Services; Identify the basic technical characteristics of the ServiceNow Platform Security and Compliance; Identify the types of implementation models for ServiceNow; Given a scenario:; identify the characteristics of testing inside an upgrade cycle in a ServiceNow environment; identify the characteristics of testing outside an upgrade cycle in a ServiceNow environment; about an upgrade, identify the improvements the upgrade is going to bring to the platform; about patches, identify the next step for using the patches in the ServiceNow environment; that requires using the support portal, identify the steps that are required; about getting formal documentation from ServiceNow, identify where compliance and regulatory is located or how it can be requested from ServiceNow (TRUST Center, CORE Community, etc.)",https://learning.servicenow.com/kb?id=kb_article_view&sysparm_article=KB0012914,2026-09-27
CPOA,domain,Data,11.4%,,,,,"Identify the importance of data as a whole; Identify the characteristics of foundational and transactional data; Identify the function of the ServiceNow compliance-related resources; Identify when reporting or Performance Analytics should be used and why; Identify examples of value-driven metrics; Identify the characteristics of the Strategic Planning Workspace (SPW); Given a scenario:; about compliance, identify the issues that need to be addressed",https://learning.servicenow.com/kb?id=kb_article_view&sysparm_article=KB0012914,2026-09-27
CPOA,domain,ServiceNow Governance,12.9%,,,,,"Identify the artifacts, tools, communication channels, etc. that are used while transacting with ServiceNow licenses/subscriptions.; Identify the characteristics of different types (fulfiller, user, capacity, etc.) of licensing available for ServiceNow.; Identify the characteristics of the three levels of governance (Strategic/Executive, Portfolio/Demand, Technical.); Given a scenario:; about an organization that needs to build an integration between ServiceNow and a second system used by the organization, identify the options for establishing that integration (e.g., ServiceNow native integration (i.e., Active Directory), Integration Hub, 3rd party provided integration (i.e., one provided as a service, but not by ServiceNow) or building a custom integration); where an area of the business wants to begin using the service catalog and request fulfillment capabilities to serve the rest of the business, identify the business licensing implications (business stakeholder license, any integration hub spokes/ transactions, fulfiller, etc.) that should be considered; identify the KPI (CSAT, etc.) maintained by ServiceNow",https://learning.servicenow.com/kb?id=kb_article_view&sysparm_article=KB0012914,2026-09-27
CPOA,doc,ServiceNow Product documentation site,,blueprint,https://docs.servicenow.com/en-US/,,,General docs site; blueprint says exam questions are based on the product documentation,https://learning.servicenow.com/kb?id=kb_article_view&sysparm_article=KB0012914,2026-09-27
CPOA,course,Welcome to ServiceNow,,blueprint: recommended,https://learning.servicenow.com/lxp?id=learning_course_prev&course_id=386f3cf847b36a90c00af235126d430c,On-demand course,,"link found via catalog search, not in blueprint",https://learning.servicenow.com/kb?id=kb_article_view&sysparm_article=KB0012914,2026-09-27
CPOA,course,Welcome to ServiceNow Micro-Certification,,blueprint: recommended,,,,No exact match in ServiceNow University catalog search; blueprint gives no link,https://learning.servicenow.com/kb?id=kb_article_view&sysparm_article=KB0012914,2026-09-27
CPOA,course,Domain Separation Basics,,blueprint: recommended,https://learning.servicenow.com/lxp?id=learning_course_prev&course_id=80924571977f2ed0e7b47b70f053afcc,On-demand course,,"link found via catalog search, not in blueprint",https://learning.servicenow.com/kb?id=kb_article_view&sysparm_article=KB0012914,2026-09-27
CPOA,course,Application Development Fundamentals On Demand,,blueprint: recommended,https://learning.servicenow.com/lxp?id=learning_course_prev&course_id=d80d5771c36f7290c6009313e401319c,On-demand course,,"catalog title: ""Application Development Fundamentals""; 2 catalog entries with this title (Instructor-led course, On-demand course); linked top search result; link found via catalog search, not in blueprint",https://learning.servicenow.com/kb?id=kb_article_view&sysparm_article=KB0012914,2026-09-27
CPOA,course,Adopting a Platform Owner Mindset (APOM),,blueprint: recommended,https://learning.servicenow.com/lxp?id=learning_course_prev&course_id=534ba20bdb219018d8f16ce2ca9619ab,Instructor-led course,,"catalog title: ""Adopting a Platform Owner Mindset""; link found via catalog search, not in blueprint",https://learning.servicenow.com/kb?id=kb_article_view&sysparm_article=KB0012914,2026-09-27
CPOA,course,Deliver business value with the Now Platform,,blueprint: recommended,,,,No exact match in ServiceNow University catalog search; blueprint gives no link,https://learning.servicenow.com/kb?id=kb_article_view&sysparm_article=KB0012914,2026-09-27
CPOA,course,Implementation roles and responsibilities guide,,blueprint: recommended,https://learning.servicenow.com/lxp?id=learning_course_prev&course_id=37f4c286976b9250f6913ce0f053af32,On-demand course,,"catalog title: ""Implementation Roles and Responsibilities Guide""; link found via catalog search, not in blueprint",https://learning.servicenow.com/kb?id=kb_article_view&sysparm_article=KB0012914,2026-09-27
CPOA,course,Find the right training for your team,,blueprint: recommended,https://learning.servicenow.com/lxp?id=learning_course_prev&course_id=99080ea2475b5e14ac2f89c2e36d4303,On-demand course,,"catalog title: ""Find the Right Training for Your Team""; link found via catalog search, not in blueprint",https://learning.servicenow.com/kb?id=kb_article_view&sysparm_article=KB0012914,2026-09-27
CPOA,course,Verify certification status,,blueprint: recommended,https://learning.servicenow.com/lxp?id=learning_course_prev&course_id=32758a0e87ef9ed4e6ba74c7dabb35fd,On-demand course,,"catalog title: ""Verify Certification Status""; link found via catalog search, not in blueprint",https://learning.servicenow.com/kb?id=kb_article_view&sysparm_article=KB0012914,2026-09-27
CPOA,course,ServiceNow Administration Fundamentals,,blueprint: recommended,https://learning.servicenow.com/lxp?id=learning_course_prev&course_id=5b19953497ffaa90e7b47b70f053af31,On-demand course,,"3 catalog entries with this title (Instructor-led course, On-demand course); linked top search result; link found via catalog search, not in blueprint",https://learning.servicenow.com/kb?id=kb_article_view&sysparm_article=KB0012914,2026-09-27
CPOA,course,Get Started with Now Create,,blueprint: recommended,https://learning.servicenow.com/lxp?id=learning_course_prev&course_id=f13a1e8ddb6890503e73166e139619a7,On-demand Course,48m,link taken from CIS-CSM credential path/blueprint,https://learning.servicenow.com/kb?id=kb_article_view&sysparm_article=KB0012914,2026-09-27
CPOA,course,Choose the right software development methodology,,blueprint: recommended,https://learning.servicenow.com/lxp?id=learning_course_prev&course_id=c11deae597d31214a916b4be2153afd6,On-demand course,,"catalog title: ""Choose the Right Software Development Methodology""; link found via catalog search, not in blueprint",https://learning.servicenow.com/kb?id=kb_article_view&sysparm_article=KB0012914,2026-09-27
CPOA,course,Create a citizen development program,,blueprint: recommended,https://learning.servicenow.com/lxp?id=learning_course_prev&course_id=f945c6ce976b9e947f7070871153af12,On-demand course,,"catalog title: ""Create a Citizen Development Program""; link found via catalog search, not in blueprint",https://learning.servicenow.com/kb?id=kb_article_view&sysparm_article=KB0012914,2026-09-27
CPOA,course,Platform Owner Success,,blueprint: recommended,,,,No exact match in ServiceNow University catalog search; blueprint gives no link,https://learning.servicenow.com/kb?id=kb_article_view&sysparm_article=KB0012914,2026-09-27
CPOA,course,ServiceNow Platform Implementation,,blueprint: recommended,https://learning.servicenow.com/lxp?id=learning_course_prev&course_id=120ba63fc3545ad4cfdf34ee050131e9,On-demand course,,"3 catalog entries with this title (Instructor-led course, On-demand course); linked top search result; link found via catalog search, not in blueprint",https://learning.servicenow.com/kb?id=kb_article_view&sysparm_article=KB0012914,2026-09-27
CPOA,course,Automated Test Framework (ATF) Essentials,,blueprint: recommended,https://learning.servicenow.com/lxp?id=learning_path_prev&path_id=e7c6e2e2876b19946a0bedbd0ebb3592,Learning path,,"link found via catalog search, not in blueprint",https://learning.servicenow.com/kb?id=kb_article_view&sysparm_article=KB0012914,2026-09-27
CPOA,course,Prepare for User Acceptance Testing,,blueprint: recommended,https://learning.servicenow.com/lxp?id=learning_course_prev&course_id=1bf8477a477969145cbdaf44846d43f3,On-demand course,,"catalog title: ""Prepare for User Acceptance Testing (UAT)""; link found via catalog search, not in blueprint",https://learning.servicenow.com/kb?id=kb_article_view&sysparm_article=KB0012914,2026-09-27
CPOA,course,Organizational change management (OCM) for platform owners,,blueprint: recommended,https://learning.servicenow.com/lxp?id=learning_course_prev&course_id=c2cae6a5871712146a0bedbd0ebb35d1,On-demand course,,"catalog title: ""Organizational Change Management (OCM) for Platform Owners""; link found via catalog search, not in blueprint",https://learning.servicenow.com/kb?id=kb_article_view&sysparm_article=KB0012914,2026-09-27
CPOA,course,ServiceNow Administration Advanced,,blueprint: recommended,https://learning.servicenow.com/lxp?id=learning_course_prev&course_id=5b8cd5f447776a9c850ec705f16d4354,On-demand course,,"3 catalog entries with this title (Instructor-led course, On-demand course); linked top search result; link found via catalog search, not in blueprint",https://learning.servicenow.com/kb?id=kb_article_view&sysparm_article=KB0012914,2026-09-27
CPOA,course,Now Support and what it can do for you,,blueprint: recommended,https://learning.servicenow.com/lxp?id=learning_course_prev&course_id=e86224c68771c390e6ba74c7dabb355e,On-demand course,,"catalog title: ""Now Support and What It Can Do for You""; link found via catalog search, not in blueprint",https://learning.servicenow.com/kb?id=kb_article_view&sysparm_article=KB0012914,2026-09-27
CPOA,course,Get Started with Reports,,blueprint: recommended,https://learning.servicenow.com/lxp?id=learning_course_prev&course_id=8f92fd1d93763994fb94b4886cba10d9,On-demand course,,"link found via catalog search, not in blueprint",https://learning.servicenow.com/kb?id=kb_article_view&sysparm_article=KB0012914,2026-09-27
CPOA,course,Platform Analytics (PA) Overview,,blueprint: recommended,https://learning.servicenow.com/lxp?id=learning_course_prev&course_id=fb9decf8932f06905402393d6cba10f6,On-demand course,,"link found via catalog search, not in blueprint",https://learning.servicenow.com/kb?id=kb_article_view&sysparm_article=KB0012914,2026-09-27
CPOA,course,Anatomy of an Application,,blueprint: recommended,https://learning.servicenow.com/lxp?id=learning_course_prev&course_id=8494a12287756dd06a0bedbd0ebb35dc,On-demand course,,"link found via catalog search, not in blueprint",https://learning.servicenow.com/kb?id=kb_article_view&sysparm_article=KB0012914,2026-09-27
CPOA,course,Integration Hub: Introduction,,blueprint: recommended,https://learning.servicenow.com/lxp?id=learning_course_prev&course_id=7fa132c04790ba50c00af235126d4330,On-demand course,,"link found via catalog search, not in blueprint",https://learning.servicenow.com/kb?id=kb_article_view&sysparm_article=KB0012914,2026-09-27
CPOA,course,Introduction to Generative AI,,blueprint: recommended,https://learning.servicenow.com/lxp?id=learning_course_prev&course_id=647909738794b110f40fc95d0ebb35c7,On-demand course,,"2 catalog entries with this title (On-demand course); linked top search result; link found via catalog search, not in blueprint",https://learning.servicenow.com/kb?id=kb_article_view&sysparm_article=KB0012914,2026-09-27
CPOA,course,Introduction to the Configuration Management Database (CMDB),,blueprint: recommended,,,,No exact match in ServiceNow University catalog search; blueprint gives no link,https://learning.servicenow.com/kb?id=kb_article_view&sysparm_article=KB0012914,2026-09-27
CPOA,course,Navigate ServiceNow licensing and entitlements,,blueprint: recommended,https://learning.servicenow.com/lxp?id=learning_course_prev&course_id=70a6c2aa975b1e14eb773f11f053af89,On-demand course,,"catalog title: ""Navigate ServiceNow Licensing and Entitlements""; link found via catalog search, not in blueprint",https://learning.servicenow.com/kb?id=kb_article_view&sysparm_article=KB0012914,2026-09-27
CPOA,course,Build a ServiceNow roadmap and get value quickly,,blueprint: recommended,https://learning.servicenow.com/lxp?id=learning_course_prev&course_id=8965c602876b969452417445dabb35b7,On-demand course,,"catalog title: ""Build a ServiceNow Roadmap and Get Value Quickly""; link found via catalog search, not in blueprint",https://learning.servicenow.com/kb?id=kb_article_view&sysparm_article=KB0012914,2026-09-27
CPOA,course,ServiceNow Security program overview,,blueprint: recommended,https://learning.servicenow.com/lxp?id=learning_course_prev&course_id=b5e4468e97ebde502192b37de053afc7,On-demand course,,"catalog title: ""ServiceNow Security Program Overview""; link found via catalog search, not in blueprint",https://learning.servicenow.com/kb?id=kb_article_view&sysparm_article=KB0012914,2026-09-27
CPOA,course,Leverage the ServiceNow partner ecosystem for platform owners,,blueprint: recommended,https://learning.servicenow.com/lxp?id=learning_course_prev&course_id=6abaae2197d71614adf832471153af26,On-demand course,,"catalog title: ""Leverage the ServiceNow Partner Ecosystem for Platform Owners""; link found via catalog search, not in blueprint",https://learning.servicenow.com/kb?id=kb_article_view&sysparm_article=KB0012914,2026-09-27
CPOA,course,Certified Platform Owner Associate Exam Next Steps,,blueprint: recommended,,,,No exact match in ServiceNow University catalog search; blueprint gives no link,https://learning.servicenow.com/kb?id=kb_article_view&sysparm_article=KB0012914,2026-09-27
CTA,spec,Exam blueprint,,,https://learning.servicenow.com/kb?id=kb_article_view&sysparm_article=KB0013442,,,KB0013442; blueprint says 'Updated Aug 2026',https://learning.servicenow.com/kb?id=kb_article_view&sysparm_article=KB0013442,2026-09-27
CTA,credential-path,Credential path page,,,https://learning.servicenow.com/lxp/en/pages/now-learning-get-certified?id=amap_detail&summary_id=905942f11bfcf01002ed2f89bd4bcb65&achievement_id=c1e05fd41b6efc1cb53297d7b04bcb14,,,"ServiceNow University ""Get Certified"" path",https://learning.servicenow.com/lxp/en/pages/now-learning-get-certified?id=amap_detail&summary_id=905942f11bfcf01002ed2f89bd4bcb65&achievement_id=c1e05fd41b6efc1cb53297d7b04bcb14,2026-09-27
CTA,prerequisite-certification,CTA program acceptance + CTA class,,blueprint: Prerequisite Credentials,https://learning.servicenow.com/expertprograms/en/pages/expert-program?id=snpx_home&type=CTA,,,Blueprint: review the CTA website for prerequisites and complete the CTA class; exam open only to candidates accepted into the CTA program,https://learning.servicenow.com/kb?id=kb_article_view&sysparm_article=KB0013442,2026-09-27
CTA,domain,Requirements and Stakeholder Alignment,17%,,,,,Analyze current-state versus desired-state requirements to identify architectural gaps and implications; Evaluate and align solution requirements with stakeholders using demos or prototypes,https://learning.servicenow.com/kb?id=kb_article_view&sysparm_article=KB0013442,2026-09-27
CTA,domain,Architecture and Design,33%,,,,,"Analyze client requirements to architect scalable, secure, upgradable, and maintainable ServiceNow solutions; Assess trade-offs between client needs and platform best practices to recommend sustainable solutions; Develop technical specifications that reflect architectural decisions and platform constraints; Analyze solution components to identify reuse and optimization opportunities across the platform",https://learning.servicenow.com/kb?id=kb_article_view&sysparm_article=KB0013442,2026-09-27
CTA,domain,Governance and Lifecycle,17%,,,,,Apply architectural governance principles to ensure adherence to standards and regulations; Assess alignment of ServiceNow architecture with enterprise IT strategy and roadmap,https://learning.servicenow.com/kb?id=kb_article_view&sysparm_article=KB0013442,2026-09-27
CTA,domain,Communication and Influence,25%,,,,,Analyze and communicate architectural trade-offs and risks in business terms to stakeholders; Formulate an architecture rationale that supports executive decision-making and strategic alignment; Evaluate competing priorities to negotiate solutions that balance business and technical constraints,https://learning.servicenow.com/kb?id=kb_article_view&sysparm_article=KB0013442,2026-09-27
CTA,domain,Scalability,8%,,,,,Analyze performance bottlenecks and apply optimization strategies for scalable architecture,https://learning.servicenow.com/kb?id=kb_article_view&sysparm_article=KB0013442,2026-09-27
CTA,doc,ServiceNow Product documentation site,,blueprint,https://docs.servicenow.com/en-US/,,,General docs site; blueprint says exam questions are based on the product documentation,https://learning.servicenow.com/kb?id=kb_article_view&sysparm_article=KB0013442,2026-09-27
CTA,doc,ServiceNow Now Create site,,blueprint,https://learning.servicenow.com/nowcreate?id=homepage,,,Named as an exam question source,https://learning.servicenow.com/kb?id=kb_article_view&sysparm_article=KB0013442,2026-09-27
CTA,prerequisite-certification,ServiceNow Certified System Administrator (CSA),,credential path: step 1 (Complete required pre-requisites),https://learning.servicenow.com/lxp?id=learning_course_prev&course_id=612be52f47adc6942a090dcbd36d43ed,Certification,,Required,https://learning.servicenow.com/lxp/en/pages/now-learning-get-certified?id=amap_detail&summary_id=905942f11bfcf01002ed2f89bd4bcb65&achievement_id=c1e05fd41b6efc1cb53297d7b04bcb14,2026-09-27
CTA,prerequisite-certification,ServiceNow Certified Application Developer (CAD),,credential path: step 1 (Complete required pre-requisites),https://learning.servicenow.com/lxp?id=learning_course_prev&course_id=c24ba12f47adc6942a090dcbd36d43d8,Certification,,Required,https://learning.servicenow.com/lxp/en/pages/now-learning-get-certified?id=amap_detail&summary_id=905942f11bfcf01002ed2f89bd4bcb65&achievement_id=c1e05fd41b6efc1cb53297d7b04bcb14,2026-09-27
CTA,prerequisite-certification,Certified Implementation Specialist – Service Mapping (CIS-SM),,credential path: step 2 (Complete at least two of the following certifications),https://learning.servicenow.com/lxp?id=learning_course_prev&course_id=fb2c2daf47adc6942a090dcbd36d4328,Certification,,Any two of this list,https://learning.servicenow.com/lxp/en/pages/now-learning-get-certified?id=amap_detail&summary_id=905942f11bfcf01002ed2f89bd4bcb65&achievement_id=c1e05fd41b6efc1cb53297d7b04bcb14,2026-09-27
CTA,prerequisite-certification,Certified Implementation Specialist – Hardware Asset Management (CIS-HAM),,credential path: step 2 (Complete at least two of the following certifications),https://learning.servicenow.com/lxp?id=learning_course_prev&course_id=82bbad2f47adc6942a090dcbd36d4394,Certification,,Any two of this list,https://learning.servicenow.com/lxp/en/pages/now-learning-get-certified?id=amap_detail&summary_id=905942f11bfcf01002ed2f89bd4bcb65&achievement_id=c1e05fd41b6efc1cb53297d7b04bcb14,2026-09-27
CTA,prerequisite-certification,Certified Implementation Specialist – Security Incident Response (CIS-SIR),,credential path: step 2 (Complete at least two of the following certifications),https://learning.servicenow.com/lxp?id=learning_course_prev&course_id=86eb6d6f47adc6942a090dcbd36d4386,Certification,,Any two of this list,https://learning.servicenow.com/lxp/en/pages/now-learning-get-certified?id=amap_detail&summary_id=905942f11bfcf01002ed2f89bd4bcb65&achievement_id=c1e05fd41b6efc1cb53297d7b04bcb14,2026-09-27
CTA,prerequisite-certification,Certified Implementation Specialist – Discovery (CIS-DISCO),,credential path: step 2 (Complete at least two of the following certifications),https://learning.servicenow.com/lxp?id=learning_course_prev&course_id=952ca9af47adc6942a090dcbd36d43f8,Certification,,Any two of this list,https://learning.servicenow.com/lxp/en/pages/now-learning-get-certified?id=amap_detail&summary_id=905942f11bfcf01002ed2f89bd4bcb65&achievement_id=c1e05fd41b6efc1cb53297d7b04bcb14,2026-09-27
CTA,prerequisite-certification,Certified Implementation Specialist – Data Foundations (CMDB and CSDM) (CIS-DF (CMDB and CSDM)),,credential path: step 2 (Complete at least two of the following certifications),https://learning.servicenow.com/lxp?id=learning_course_prev&course_id=314c3b6193e84f183cc0322d6cba1007,Certification,,Any two of this list,https://learning.servicenow.com/lxp/en/pages/now-learning-get-certified?id=amap_detail&summary_id=905942f11bfcf01002ed2f89bd4bcb65&achievement_id=c1e05fd41b6efc1cb53297d7b04bcb14,2026-09-27
CTA,prerequisite-certification,Certified Implementation Specialist – Service Provider (CIS-SP),,credential path: step 2 (Complete at least two of the following certifications),https://learning.servicenow.com/lxp?id=learning_course_prev&course_id=ababed2f47adc6942a090dcbd36d43b7,Certification,,Any two of this list,https://learning.servicenow.com/lxp/en/pages/now-learning-get-certified?id=amap_detail&summary_id=905942f11bfcf01002ed2f89bd4bcb65&achievement_id=c1e05fd41b6efc1cb53297d7b04bcb14,2026-09-27
CTA,prerequisite-certification,Certified Implementation Specialist – Customer Service Management (CIS-CSM),,credential path: step 2 (Complete at least two of the following certifications),https://learning.servicenow.com/lxp?id=learning_course_prev&course_id=bccb216f47adc6942a090dcbd36d4314,Certification,,Any two of this list,https://learning.servicenow.com/lxp/en/pages/now-learning-get-certified?id=amap_detail&summary_id=905942f11bfcf01002ed2f89bd4bcb65&achievement_id=c1e05fd41b6efc1cb53297d7b04bcb14,2026-09-27
CTA,prerequisite-certification,Certified Implementation Specialist – IT Service Management  (CIS-ITSM),,credential path: step 2 (Complete at least two of the following certifications),https://learning.servicenow.com/lxp?id=learning_course_prev&course_id=bfdb256f47adc6942a090dcbd36d43d7,Certification,,Any two of this list,https://learning.servicenow.com/lxp/en/pages/now-learning-get-certified?id=amap_detail&summary_id=905942f11bfcf01002ed2f89bd4bcb65&achievement_id=c1e05fd41b6efc1cb53297d7b04bcb14,2026-09-27
CTA,prerequisite-certification,Certified Implementation Specialist – Software Asset Management  (CIS-SAM),,credential path: step 2 (Complete at least two of the following certifications),https://learning.servicenow.com/lxp?id=learning_course_prev&course_id=49abed2f47adc6942a090dcbd36d43fa,Certification,,Any two of this list,https://learning.servicenow.com/lxp/en/pages/now-learning-get-certified?id=amap_detail&summary_id=905942f11bfcf01002ed2f89bd4bcb65&achievement_id=c1e05fd41b6efc1cb53297d7b04bcb14,2026-09-27
CTA,prerequisite-certification,Certified Implementation Specialist – Vulnerability Response (CIS-VR),,credential path: step 2 (Complete at least two of the following certifications),https://learning.servicenow.com/lxp?id=learning_course_prev&course_id=4bcba16f47adc6942a090dcbd36d437f,Certification,,Any two of this list,https://learning.servicenow.com/lxp/en/pages/now-learning-get-certified?id=amap_detail&summary_id=905942f11bfcf01002ed2f89bd4bcb65&achievement_id=c1e05fd41b6efc1cb53297d7b04bcb14,2026-09-27
CTA,prerequisite-certification,Certified Implementation Specialist – Strategic Portfolio Management (CIS-SPM),,credential path: step 2 (Complete at least two of the following certifications),https://learning.servicenow.com/lxp?id=learning_course_prev&course_id=5d1ca5af47adc6942a090dcbd36d43fc,Certification,,Any two of this list,https://learning.servicenow.com/lxp/en/pages/now-learning-get-certified?id=amap_detail&summary_id=905942f11bfcf01002ed2f89bd4bcb65&achievement_id=c1e05fd41b6efc1cb53297d7b04bcb14,2026-09-27
CTA,prerequisite-certification,Certified Implementation Specialist – Third-party Risk Management (CIS-TPRM),,credential path: step 2 (Complete at least two of the following certifications),https://learning.servicenow.com/lxp?id=learning_course_prev&course_id=678bed2f47adc6942a090dcbd36d43f8,Certification,,Any two of this list,https://learning.servicenow.com/lxp/en/pages/now-learning-get-certified?id=amap_detail&summary_id=905942f11bfcf01002ed2f89bd4bcb65&achievement_id=c1e05fd41b6efc1cb53297d7b04bcb14,2026-09-27
CTA,prerequisite-certification,Certified Implementation Specialist – Field Service Management  (CIS-FSM),,credential path: step 2 (Complete at least two of the following certifications),https://learning.servicenow.com/lxp?id=learning_course_prev&course_id=030c65af47adc6942a090dcbd36d43ce,Certification,,Any two of this list,https://learning.servicenow.com/lxp/en/pages/now-learning-get-certified?id=amap_detail&summary_id=905942f11bfcf01002ed2f89bd4bcb65&achievement_id=c1e05fd41b6efc1cb53297d7b04bcb14,2026-09-27
CTA,prerequisite-certification,Certified Implementation Specialist – Human Resources (CIS-HR),,credential path: step 2 (Complete at least two of the following certifications),https://learning.servicenow.com/lxp?id=learning_course_prev&course_id=069bed2f47adc6942a090dcbd36d43b2,Certification,,Any two of this list,https://learning.servicenow.com/lxp/en/pages/now-learning-get-certified?id=amap_detail&summary_id=905942f11bfcf01002ed2f89bd4bcb65&achievement_id=c1e05fd41b6efc1cb53297d7b04bcb14,2026-09-27
CTA,prerequisite-certification,Certified Implementation Specialist – Risk and Compliance (CIS-RC),,credential path: step 2 (Complete at least two of the following certifications),https://learning.servicenow.com/lxp?id=learning_course_prev&course_id=1f1c65af47adc6942a090dcbd36d439a,Certification,,Any two of this list,https://learning.servicenow.com/lxp/en/pages/now-learning-get-certified?id=amap_detail&summary_id=905942f11bfcf01002ed2f89bd4bcb65&achievement_id=c1e05fd41b6efc1cb53297d7b04bcb14,2026-09-27
CTA,prerequisite-certification,Certified Implementation Specialist – Event Management (CIS-EM),,credential path: step 2 (Complete at least two of the following certifications),https://learning.servicenow.com/lxp?id=learning_course_prev&course_id=317b612f47adc6942a090dcbd36d432d,Certification,,Any two of this list,https://learning.servicenow.com/lxp/en/pages/now-learning-get-certified?id=amap_detail&summary_id=905942f11bfcf01002ed2f89bd4bcb65&achievement_id=c1e05fd41b6efc1cb53297d7b04bcb14,2026-09-27
CTA,prerequisite-certification,Architecture Excellence (ArchX) ,,credential path: step 3 (Complete your ArchX accreditation),https://learning.servicenow.com/lxp?id=learning_course_prev&course_id=dc08b8e447a63610db63fb25126d43cf,Accreditation,,,https://learning.servicenow.com/lxp/en/pages/now-learning-get-certified?id=amap_detail&summary_id=905942f11bfcf01002ed2f89bd4bcb65&achievement_id=c1e05fd41b6efc1cb53297d7b04bcb14,2026-09-27
CTA,course,CTA Class,,blueprint: recommended,https://learning.servicenow.com/lxp?id=learning_course_prev&course_id=cbd3f5191bff2450c4e24009dc4bcb7e,,,Linked in blueprint,https://learning.servicenow.com/kb?id=kb_article_view&sysparm_article=KB0013442,2026-09-27
CTA,course,Get Started with Now Create,,blueprint: additional resources,https://learning.servicenow.com/lxp?id=learning_course_prev&course_id=f13a1e8ddb6890503e73166e139619a7,On-demand Course,48m,link taken from CIS-CSM credential path/blueprint,https://learning.servicenow.com/kb?id=kb_article_view&sysparm_article=KB0013442,2026-09-27
CTA,recommended-certification,System Administrator,,blueprint: additional resources,,,,,https://learning.servicenow.com/kb?id=kb_article_view&sysparm_article=KB0013442,2026-09-27
CTA,course,ServiceNow Administration Fundamentals,,blueprint: additional resources,https://learning.servicenow.com/lxp?id=learning_course_prev&course_id=5b19953497ffaa90e7b47b70f053af31,On-demand course,,"3 catalog entries with this title (Instructor-led course, On-demand course); linked top search result; link found via catalog search, not in blueprint",https://learning.servicenow.com/kb?id=kb_article_view&sysparm_article=KB0013442,2026-09-27
CTA,course,ServiceNow Administration Advanced,,blueprint: additional resources,https://learning.servicenow.com/lxp?id=learning_course_prev&course_id=5b8cd5f447776a9c850ec705f16d4354,On-demand course,,"3 catalog entries with this title (Instructor-led course, On-demand course); linked top search result; link found via catalog search, not in blueprint",https://learning.servicenow.com/kb?id=kb_article_view&sysparm_article=KB0013442,2026-09-27
CTA,course,ServiceNow Platform Implementation,,blueprint: additional resources,https://learning.servicenow.com/lxp?id=learning_course_prev&course_id=120ba63fc3545ad4cfdf34ee050131e9,On-demand course,,"3 catalog entries with this title (Instructor-led course, On-demand course); linked top search result; link found via catalog search, not in blueprint",https://learning.servicenow.com/kb?id=kb_article_view&sysparm_article=KB0013442,2026-09-27
CTA,course,Troubleshoot the Now Platform,,blueprint: additional resources,,,,No exact match in ServiceNow University catalog search; blueprint gives no link,https://learning.servicenow.com/kb?id=kb_article_view&sysparm_article=KB0013442,2026-09-27
CTA,course,Configuration Management Database (CMDB) Fundamentals,,blueprint: additional resources,https://learning.servicenow.com/lxp?id=learning_course_prev&course_id=2ad9219297d24f10f6913ce0f053afbb,On-demand course,,"2 catalog entries with this title (Instructor-led course, On-demand course); linked top search result; link found via catalog search, not in blueprint",https://learning.servicenow.com/kb?id=kb_article_view&sysparm_article=KB0013442,2026-09-27
CTA,course,Common Service Data Model (CSDM) Fundamentals,,blueprint: additional resources,,,,No exact match in ServiceNow University catalog search; blueprint gives no link,https://learning.servicenow.com/kb?id=kb_article_view&sysparm_article=KB0013442,2026-09-27
CTA,course,Data Foundations Essentials,,blueprint: additional resources,,,,No exact match in ServiceNow University catalog search; blueprint gives no link,https://learning.servicenow.com/kb?id=kb_article_view&sysparm_article=KB0013442,2026-09-27
CTA,course,Introduction to Data Policies,,blueprint: additional resources,https://learning.servicenow.com/lxp?id=learning_course_prev&course_id=735763df87d5ae503a3a84c7cebb35c7,On-demand course,,"link found via catalog search, not in blueprint",https://learning.servicenow.com/kb?id=kb_article_view&sysparm_article=KB0013442,2026-09-27
CTA,course,Data Privacy: Introduction,,blueprint: additional resources,,,,No exact match in ServiceNow University catalog search; blueprint gives no link,https://learning.servicenow.com/kb?id=kb_article_view&sysparm_article=KB0013442,2026-09-27
CTA,course,Get Started with Encryption in ServiceNow,,blueprint: additional resources,https://learning.servicenow.com/lxp?id=learning_path_prev&path_id=a9c1ca7d875e19d8bfe94088dabb35c5,Learning path,,"link found via catalog search, not in blueprint",https://learning.servicenow.com/kb?id=kb_article_view&sysparm_article=KB0013442,2026-09-27
CTA,course,Automated Test Framework (ATF) Essentials,,blueprint: additional resources,https://learning.servicenow.com/lxp?id=learning_path_prev&path_id=e7c6e2e2876b19946a0bedbd0ebb3592,Learning path,,"link found via catalog search, not in blueprint",https://learning.servicenow.com/kb?id=kb_article_view&sysparm_article=KB0013442,2026-09-27
CTA,course,Test Management 2.0 Implementation,,blueprint: additional resources,,,,No exact match in ServiceNow University catalog search; blueprint gives no link,https://learning.servicenow.com/kb?id=kb_article_view&sysparm_article=KB0013442,2026-09-27
CTA,course,ServiceNow Security Center,,blueprint: additional resources,https://learning.servicenow.com/lxp?id=learning_course_prev&course_id=c6a9adbf933079d0f2d9bc686cba10fc,On-demand course,,"link found via catalog search, not in blueprint",https://learning.servicenow.com/kb?id=kb_article_view&sysparm_article=KB0013442,2026-09-27
CTA,course,Service Provider Implementer,,blueprint: additional resources,https://learning.servicenow.com/lxp?id=learning_path_prev&path_id=c3efc5ae1bdb0c101a9b415dee4bcb5d,Learning path,,"link found via catalog search, not in blueprint",https://learning.servicenow.com/kb?id=kb_article_view&sysparm_article=KB0013442,2026-09-27
CTA,course,Integration Hub Fundamentals,,blueprint: additional resources,https://learning.servicenow.com/lxp?id=learning_path_prev&path_id=329ac7201bbafcd4a5e699b1b24bcbef,Learning path,,"link found via catalog search, not in blueprint",https://learning.servicenow.com/kb?id=kb_article_view&sysparm_article=KB0013442,2026-09-27
CTA,course,Introduction to ServiceNow HealthScan and Instance Scan,,blueprint: additional resources,https://learning.servicenow.com/lxp?id=learning_course_prev&course_id=e69d403d973f5ed0adf832471153af3e,On-demand course,,"link found via catalog search, not in blueprint",https://learning.servicenow.com/kb?id=kb_article_view&sysparm_article=KB0013442,2026-09-27
CTA,course,Retrieving Update Sets from Remote Instances,,blueprint: additional resources,https://learning.servicenow.com/lxp?id=learning_course_prev&course_id=68875453db77585030c91fdc1396197c,On-demand course,,"link found via catalog search, not in blueprint",https://learning.servicenow.com/kb?id=kb_article_view&sysparm_article=KB0013442,2026-09-27
CTA,other-resource,Certified Technical Architect (CTA) Enrollment Process,,credential path: step 4 (Enroll in the CTA program),https://learning.servicenow.com/lxp?id=learning_course_prev&course_id=bbbc3f2993e84f183cc0322d6cba1053,KB article,1m,,https://learning.servicenow.com/lxp/en/pages/now-learning-get-certified?id=amap_detail&summary_id=905942f11bfcf01002ed2f89bd4bcb65&achievement_id=c1e05fd41b6efc1cb53297d7b04bcb14,2026-09-27
CIS-CSM,spec,Exam blueprint,,,https://learning.servicenow.com/kb?id=kb_article_view&sysparm_article=KB0011529,,,KB0011529; blueprint says 'Updated November 2025',https://learning.servicenow.com/kb?id=kb_article_view&sysparm_article=KB0011529,2026-09-27
CIS-CSM,credential-path,Credential path page,,,https://learning.servicenow.com/lxp/en/pages/now-learning-get-certified?id=amap_detail&summary_id=79d64e311bfcf01002ed2f89bd4bcb51&achievement_id=548ed977dbc27f40de3cdb85ca9619d2,,,"ServiceNow University ""Get Certified"" path",https://learning.servicenow.com/lxp/en/pages/now-learning-get-certified?id=amap_detail&summary_id=79d64e311bfcf01002ed2f89bd4bcb51&achievement_id=548ed977dbc27f40de3cdb85ca9619d2,2026-09-27
CIS-CSM,domain,CSM foundational data model,27%,,,,,Business models; Product models; Install base management; Contracts and entitlements,https://learning.servicenow.com/kb?id=kb_article_view&sysparm_article=KB0011529,2026-09-27
CIS-CSM,domain,CSM configuration,38%,,,,,CSM in ServiceNow; Routing and assignment; Case types; Channels,https://learning.servicenow.com/kb?id=kb_article_view&sysparm_article=KB0011529,2026-09-27
CIS-CSM,domain,Case management,17%,,,,,"Case state flows; Major issue management; Case digests and service definitions; CSM workspace; Case actions, tasks, and escalations",https://learning.servicenow.com/kb?id=kb_article_view&sysparm_article=KB0011529,2026-09-27
CIS-CSM,domain,"CSM Workspace, Portals, Service Catalog, Analytics, and Reporting",8%,,,,,"Portals and Service Catalog; Special handling notes, SLAs, and Targeted communications; Platform Analytics and Reporting",https://learning.servicenow.com/kb?id=kb_article_view&sysparm_article=KB0011529,2026-09-27
CIS-CSM,domain,CSM Best Practices and Knowledge Management,10%,,,,,CSM Best Practices:; ServiceNow Architecture; Customer Service End to End Processes; Defining Project Scope; Knowledge Management:; Knowledge Functionality Overview; Article Quality Index (AQI); Knowledge Blocks and Search; Bulk Translations,https://learning.servicenow.com/kb?id=kb_article_view&sysparm_article=KB0011529,2026-09-27
CIS-CSM,doc,ServiceNow Product documentation site,,blueprint,https://docs.servicenow.com/en-US/,,,General docs site; blueprint says exam questions are based on the product documentation,https://learning.servicenow.com/kb?id=kb_article_view&sysparm_article=KB0011529,2026-09-27
CIS-CSM,exam,Certified Implementation Specialist - Customer Service Management (CIS-CSM),,credential path: step 4,https://learning.servicenow.com/lxp?id=learning_course_prev&course_id=02542b1d4734f6d0b8d109b4f16d4337,Exam : Pearson Vue,1h 30m,Exam registration page,https://learning.servicenow.com/lxp/en/pages/now-learning-get-certified?id=amap_detail&summary_id=79d64e311bfcf01002ed2f89bd4bcb51&achievement_id=548ed977dbc27f40de3cdb85ca9619d2,2026-09-27
CIS-CSM,course,Welcome to ServiceNow,,blueprint: recommended; credential path: step 1 (Suggested pre-requisites),https://learning.servicenow.com/lxp?id=learning_course_prev&course_id=ac0cf73287f259546a0bedbd0ebb3500,Choose course option (ILT or on-demand),,,https://learning.servicenow.com/kb?id=kb_article_view&sysparm_article=KB0011529,2026-09-27
CIS-CSM,course,ServiceNow Administration Fundamentals,,blueprint: recommended; credential path: step 1 (Suggested pre-requisites),https://learning.servicenow.com/lxp?id=learning_course_prev&course_id=8535e6f94721e510abe089c2e36d4372,Choose course option (ILT or on-demand),,"Credential path name: ""ServiceNow Administration Fundamentals/CSA""",https://learning.servicenow.com/kb?id=kb_article_view&sysparm_article=KB0011529,2026-09-27
CIS-CSM,course,Get Started with Now Create,,blueprint: recommended; credential path: step 1 (Suggested pre-requisites),https://learning.servicenow.com/lxp?id=learning_course_prev&course_id=f13a1e8ddb6890503e73166e139619a7,On-demand Course,48m,"Credential path name: ""Get Started with the Now Create Methodology""",https://learning.servicenow.com/kb?id=kb_article_view&sysparm_article=KB0011529,2026-09-27
CIS-CSM,course,ServiceNow Platform Implementation,,blueprint: recommended; credential path: step 1 (Suggested pre-requisites),https://learning.servicenow.com/lxp?id=learning_course_prev&course_id=13556ef94721e510abe089c2e36d4318,Choose course option (ILT or on-demand),,,https://learning.servicenow.com/kb?id=kb_article_view&sysparm_article=KB0011529,2026-09-27
CIS-CSM,course,Customer Service Management Essentials,,blueprint: recommended; credential path: step 2 (Proceed with recommended specialization courses),https://learning.servicenow.com/lxp?id=learning_course_prev&course_id=fb6224669757ce90496bb5bfe153af7d,Choose course option (ILT or on-demand),,"Credential path name: ""Customer Service Management (CSM) Essentials""",https://learning.servicenow.com/kb?id=kb_article_view&sysparm_article=KB0011529,2026-09-27
CIS-CSM,course,Customer Service Management Essentials Simulator,,blueprint: recommended,,,,No exact match in ServiceNow University catalog search; blueprint gives no link,https://learning.servicenow.com/kb?id=kb_article_view&sysparm_article=KB0011529,2026-09-27
CIS-CSM,course,Knowledge Management for Customer Service Management Fundamentals,,blueprint: recommended,https://learning.servicenow.com/lxp?id=learning_course_prev&course_id=134f614c4750625050593369126d4359,On-demand course,,"link found via catalog search, not in blueprint",https://learning.servicenow.com/kb?id=kb_article_view&sysparm_article=KB0011529,2026-09-27
CIS-CSM,course,Customer Service Management Best Practices for Implementation,,blueprint: recommended,https://learning.servicenow.com/lxp?id=learning_course_prev&course_id=f79cf3bd87fb9614e53afc48cebb3546,On-demand course,,"link found via catalog search, not in blueprint",https://learning.servicenow.com/kb?id=kb_article_view&sysparm_article=KB0011529,2026-09-27
CIS-CSM,course,Customer Service Management Implementation Workshop,,blueprint: additional resources; credential path: step 3 (Apply your knowledge before taking the exam),https://learning.servicenow.com/lxp?id=learning_course_prev&course_id=3930fd5f97ee5614eb773f11f053af28,Instructor-led Course,3d,"Credential path name: ""Customer Service Management (CSM) Implementation Workshop """,https://learning.servicenow.com/kb?id=kb_article_view&sysparm_article=KB0011529,2026-09-27
CIS-CSM,course,Customer Relationship Management: Customer Data Fundamentals,,blueprint: additional resources,https://learning.servicenow.com/lxp?id=learning_course_prev&course_id=083fa6089750ea10e7b47b70f053af89,On-demand course,,"link found via catalog search, not in blueprint",https://learning.servicenow.com/kb?id=kb_article_view&sysparm_article=KB0011529,2026-09-27
CIS-CSM,course,Customer Relationship Management: Product Fundamentals,,blueprint: additional resources,,,,No exact match in ServiceNow University catalog search; blueprint gives no link,https://learning.servicenow.com/kb?id=kb_article_view&sysparm_article=KB0011529,2026-09-27
CIS-CSM,course,Service Model Foundation Essentials,,blueprint: additional resources,,,,No exact match in ServiceNow University catalog search; blueprint gives no link,https://learning.servicenow.com/kb?id=kb_article_view&sysparm_article=KB0011529,2026-09-27
CIS-CSM,course,"Case Types, Service Definition, Service Catalog Fundamentals",,blueprint: additional resources,https://learning.servicenow.com/lxp?id=learning_course_prev&course_id=5c1fad8c4790225076e07884f16d43f4,On-demand course,,"link found via catalog search, not in blueprint",https://learning.servicenow.com/kb?id=kb_article_view&sysparm_article=KB0011529,2026-09-27
CIS-CSM,course,Introduction to Playbooks and Process Automation Designer,,blueprint: additional resources,,,,No exact match in ServiceNow University catalog search; blueprint gives no link,https://learning.servicenow.com/kb?id=kb_article_view&sysparm_article=KB0011529,2026-09-27
CIS-CSM,course,Advanced Work Assignment Implementation Guide,,blueprint: additional resources,,,,No exact match in ServiceNow University catalog search; blueprint gives no link,https://learning.servicenow.com/kb?id=kb_article_view&sysparm_article=KB0011529,2026-09-27
CIS-CSM,course,Contact Center as a Service (CCaaS) Integration Fundamentals,,blueprint: additional resources,https://learning.servicenow.com/lxp?id=learning_course_prev&course_id=d48fe984c3502250a1b37473e40131cf,On-demand course,,"link found via catalog search, not in blueprint",https://learning.servicenow.com/kb?id=kb_article_view&sysparm_article=KB0011529,2026-09-27
CIS-CSM,course,Customer Portal and Configurable Portal Widget Fundamentals,,blueprint: additional resources,https://learning.servicenow.com/lxp?id=learning_course_prev&course_id=af2f29cc979cee103845f3f0f053af1b,On-demand course,,"link found via catalog search, not in blueprint",https://learning.servicenow.com/kb?id=kb_article_view&sysparm_article=KB0011529,2026-09-27
CIS-CSM,course,Virtual Agent Fundamentals,,blueprint: additional resources,https://learning.servicenow.com/lxp?id=learning_course_prev&course_id=76f4d1e0976a4310eb773f11f053afe6,On-demand course,,"catalog title: ""Virtual Agent Fundamentals (Australia)""; link found via catalog search, not in blueprint",https://learning.servicenow.com/kb?id=kb_article_view&sysparm_article=KB0011529,2026-09-27
CIS-CSM,course,Workspace and UI Builder,,blueprint: additional resources,,,,No exact match in ServiceNow University catalog search; blueprint gives no link,https://learning.servicenow.com/kb?id=kb_article_view&sysparm_article=KB0011529,2026-09-27
CIS-CSM,course,Engagement Messenger,,blueprint: additional resources,,,,No exact match in ServiceNow University catalog search; blueprint gives no link,https://learning.servicenow.com/kb?id=kb_article_view&sysparm_article=KB0011529,2026-09-27
CIS-CSM,course,Virtual Agent Implementation,,blueprint: additional resources,https://learning.servicenow.com/lxp?id=learning_course_prev&course_id=5f55d960976e8fd0f6913ce0f053af19,On-demand course,,"catalog title: ""Virtual Agent Implementation - English - Australia""; link found via catalog search, not in blueprint",https://learning.servicenow.com/kb?id=kb_article_view&sysparm_article=KB0011529,2026-09-27
CIS-CSM,course,Now Assist for CSM,,blueprint: additional resources,,,,No exact match in ServiceNow University catalog search; blueprint gives no link,https://learning.servicenow.com/kb?id=kb_article_view&sysparm_article=KB0011529,2026-09-27
CIS-CSM,course,Workforce Optimization Essentials,,blueprint: additional resources,,,,No exact match in ServiceNow University catalog search; blueprint gives no link,https://learning.servicenow.com/kb?id=kb_article_view&sysparm_article=KB0011529,2026-09-27
CIS-CSM,course,Recomended Coursework for CSM Certification,,credential path: step 5 (Complete optional recommended courses),https://learning.servicenow.com/lxp?id=learning_path_prev&path_id=d836d7c887916a906838fd16dabb35c2,Collection,6d 1h 50m,,https://learning.servicenow.com/lxp/en/pages/now-learning-get-certified?id=amap_detail&summary_id=79d64e311bfcf01002ed2f89bd4bcb51&achievement_id=548ed977dbc27f40de3cdb85ca9619d2,2026-09-27
CIS-DF,spec,Exam blueprint,,,https://learning.servicenow.com/kb?id=kb_article_view&sysparm_article=KB0012913,,,KB0012913; blueprint says 'Updated November 2025',https://learning.servicenow.com/kb?id=kb_article_view&sysparm_article=KB0012913,2026-09-27
CIS-DF,credential-path,Credential path page,,,https://learning.servicenow.com/lxp/en/pages/now-learning-get-certified?id=amap_detail&summary_id=79d64e311bfcf01002ed2f89bd4bcb51&achievement_id=0e97835c47ea2e10c00af235126d431b,,,"ServiceNow University ""Get Certified"" path",https://learning.servicenow.com/lxp/en/pages/now-learning-get-certified?id=amap_detail&summary_id=79d64e311bfcf01002ed2f89bd4bcb51&achievement_id=0e97835c47ea2e10c00af235126d431b,2026-09-27
CIS-DF,domain,Configuration,15%,,,,,"Given a scenario:; Identify how and when to use CI Class Manager (table, class attributes, hierarchy); Identify when and how to use IRE; Identify when and how to configure CMDB 360/multisource CMDB",https://learning.servicenow.com/kb?id=kb_article_view&sysparm_article=KB0012913,2026-09-27
CIS-DF,domain,Ingest,19%,,,,,Identify how relationships are auto or manually populated; Identify the automation opportunities that are available to automate CMDB integration; Given a scenario:; Identify which data ingestion method to use; Identify how to minimize the risk of technical debt and ensure upgradeability; Identify how to populate and maintain non-discoverable/manual CIs or non-discoverable attributes; Identify how to track security and regulatory compliance identifiers against CSDM objects; Identify how Asset and CI align,https://learning.servicenow.com/kb?id=kb_article_view&sysparm_article=KB0012913,2026-09-27
CIS-DF,domain,Govern,35%,,,,,Identify the characteristics of the six metrics that make up the CMDB health score; Identify the purpose and/or requirements of Data Manager; Identify the goals of good CMDB governance; Given a scenario:; Identify what is needed to govern the CMDB; Identify the key roles involved in implementing and managing a CMDB; Identify how to configure and gain value from CMDB Health Dashboards to support Key Performance Indicators (KPI) and Critical Success Factors (CSF); Identify how or why duplication records are created and how to remediate them; Identify when and how to remediate duplicate records using the deduplication wizard; Identify how to operationalize the CMDB; Identify when or why to use the CMDB workspace or what features are available; Identify how to define principal classes; Identify the policy feature in Data Manager that should be used to accomplish the goal of the scenario; Identify how to validate data quality and/or data compliance in the CMDB Health Dashboard; Identify how to configure Data Manager to manage the CMDB; Identify how to improve data quality using the CMDB Data Foundation Dashboard; Identify how to manage life cycle CI attributes between CIs,https://learning.servicenow.com/kb?id=kb_article_view&sysparm_article=KB0012913,2026-09-27
CIS-DF,domain,Insight,20%,,,,,Identify the business value of CMDB; Identify how to use Natural Language Query; Identify how to build custom reports using CMDB 360 data (CMDB Saved Queries); Given a scenario:; Identify how to build out complex relationships within a query and get a full set of results; Identify the components and usage of Unified Map or dependency view map; Identify the outcomes of using ServiceNow products leveraging CMDB data; Identify the benefits of CMDB Foundation Dashboards; Identify when to use the CMDB Foundation Dashboard Playbook or the benefits of using Playbook,https://learning.servicenow.com/kb?id=kb_article_view&sysparm_article=KB0012913,2026-09-27
CIS-DF,domain,CSDM Fundamentals,11%,,,,,Given a scenario:; Identify how to work with different stakeholders across industries to correctly map CIs with the correct CSDM domain; Identify the approach to abide by CSDM; Identify the benefits of implementing CSDM,https://learning.servicenow.com/kb?id=kb_article_view&sysparm_article=KB0012913,2026-09-27
CIS-DF,doc,ServiceNow Product documentation site,,blueprint,https://docs.servicenow.com/en-US/,,,General docs site; blueprint says exam questions are based on the product documentation,https://learning.servicenow.com/kb?id=kb_article_view&sysparm_article=KB0012913,2026-09-27
CIS-DF,other-resource,"Communities CMDB Forum, CSDM",,blueprint: additional resources,,,,No link in blueprint,https://learning.servicenow.com/kb?id=kb_article_view&sysparm_article=KB0012913,2026-09-27
CIS-DF,exam,Certified Implementation Specialist - Data Foundations (CMDB and CSDM) (CIS-DF (CMDB and CSDM)),,credential path: step 3,https://learning.servicenow.com/lxp?id=learning_course_prev&course_id=9e6667194774f6d0b8d109b4f16d4339,Exam : Pearson Vue,1h 30m,Exam registration page,https://learning.servicenow.com/lxp/en/pages/now-learning-get-certified?id=amap_detail&summary_id=79d64e311bfcf01002ed2f89bd4bcb51&achievement_id=0e97835c47ea2e10c00af235126d431b,2026-09-27
CIS-DF,course,Welcome to ServiceNow,,blueprint: recommended; credential path: step 1 (Suggested pre-requisites),https://learning.servicenow.com/lxp?id=learning_course_prev&course_id=b039edf49326ae503cc0322d6cba10fc,Choose course option (ILT or on-demand),,,https://learning.servicenow.com/kb?id=kb_article_view&sysparm_article=KB0012913,2026-09-27
CIS-DF,course,ServiceNow Administration Fundamentals,,blueprint: recommended; credential path: step 1 (Suggested pre-requisites),https://learning.servicenow.com/lxp?id=learning_course_prev&course_id=454929389326ae503cc0322d6cba1007,Choose course option (ILT or on-demand),,,https://learning.servicenow.com/kb?id=kb_article_view&sysparm_article=KB0012913,2026-09-27
CIS-DF,course,Get Started with Now Create,,blueprint: recommended; credential path: step 1 (Suggested pre-requisites),https://learning.servicenow.com/lxp?id=learning_course_prev&course_id=6259ed389326ae503cc0322d6cba105f,Choose course option (ILT or on-demand),,"Credential path name: ""Get Started with the Now Create Methodology""",https://learning.servicenow.com/kb?id=kb_article_view&sysparm_article=KB0012913,2026-09-27
CIS-DF,course,ServiceNow Platform Implementation,,blueprint: recommended; credential path: step 1 (Suggested pre-requisites),https://learning.servicenow.com/lxp?id=learning_course_prev&course_id=556921789326ae503cc0322d6cba107a,Choose course option (ILT or on-demand),,,https://learning.servicenow.com/kb?id=kb_article_view&sysparm_article=KB0012913,2026-09-27
CIS-DF,course,CMDB Fundamentals,,blueprint: recommended; credential path: step 2 (Proceed with recommended specialization courses),https://learning.servicenow.com/lxp?id=learning_course_prev&course_id=e5c0f1b093e6ae503cc0322d6cba1025,Choose course option (ILT or on-demand),,"Credential path name: ""Configuration Management Database (CMDB) Fundamentals""",https://learning.servicenow.com/kb?id=kb_article_view&sysparm_article=KB0012913,2026-09-27
CIS-DF,course,CMDB Health Micro-Certification Simulator,,blueprint: recommended; credential path: step 2 (Proceed with recommended specialization courses),https://learning.servicenow.com/lxp?id=learning_course_prev&course_id=c6e3105f93baaed4fb94b4886cba1049,Choose course option (ILT or on-demand),,"Credential path name: ""CMDB Health Simulator""",https://learning.servicenow.com/kb?id=kb_article_view&sysparm_article=KB0012913,2026-09-27
CIS-DF,course,Configure the CMDB Micro-Certification Simulator,,blueprint: recommended; credential path: step 2 (Proceed with recommended specialization courses),https://learning.servicenow.com/lxp?id=learning_course_prev&course_id=bb04985f93baaed4fb94b4886cba10bc,Choose course option (ILT or on-demand),,"Credential path name: ""Configure the CMDB Simulator""",https://learning.servicenow.com/kb?id=kb_article_view&sysparm_article=KB0012913,2026-09-27
CIS-DF,course,Common Service Data Model (CSDM Fundamentals),,blueprint: recommended; credential path: step 2 (Proceed with recommended specialization courses),https://learning.servicenow.com/lxp?id=learning_course_prev&course_id=f0e0b9b093e6ae503cc0322d6cba1082,Choose course option (ILT or on-demand),,"Credential path name: ""Common Service Data Model (CSDM) Fundamentals""",https://learning.servicenow.com/kb?id=kb_article_view&sysparm_article=KB0012913,2026-09-27
CIS-DF,course,CMDB Health Deep Dive,,blueprint: recommended; credential path: step 2 (Proceed with recommended specialization courses),https://learning.servicenow.com/lxp?id=learning_course_prev&course_id=5c01c5fd93f90690fb94b4886cba109d,On-demand Course,1h 50m,,https://learning.servicenow.com/kb?id=kb_article_view&sysparm_article=KB0012913,2026-09-27
CIS-DF,course,Introduction to CMDB Workspace,,blueprint: additional resources,https://learning.servicenow.com/lxp?id=learning_course_prev&course_id=0924537ac31086985c1b9ab4e40131e1,On-demand course,,"link found via catalog search, not in blueprint",https://learning.servicenow.com/kb?id=kb_article_view&sysparm_article=KB0012913,2026-09-27
CIS-DF,course,Design a Successful Configuration Management Database (CMDB),,blueprint: additional resources,,,,No exact match in ServiceNow University catalog search; blueprint gives no link,https://learning.servicenow.com/kb?id=kb_article_view&sysparm_article=KB0012913,2026-09-27
CIS-DF,course,Discovery Fundamentals,,blueprint: additional resources,https://learning.servicenow.com/lxp?id=learning_course_prev&course_id=dffedf65c33b2690e5533b877d01310c,On-demand course,,"2 catalog entries with this title (Instructor-led course, On-demand course); linked top search result; link found via catalog search, not in blueprint",https://learning.servicenow.com/kb?id=kb_article_view&sysparm_article=KB0012913,2026-09-27
CIS-DF,course,Service Mapping (SM) Fundamentals On Demand,,blueprint: additional resources,https://learning.servicenow.com/lxp?id=learning_course_prev&course_id=889b39e49330c3543cc0322d6cba10f9,On-demand course,,"catalog title: ""Service Mapping Fundamentals (Australia)""; link found via catalog search, not in blueprint",https://learning.servicenow.com/kb?id=kb_article_view&sysparm_article=KB0012913,2026-09-27
CIS-DF,course,Agent Client Collector Essentials,,blueprint: additional resources,https://learning.servicenow.com/lxp?id=learning_course_prev&course_id=4737269387906214cfa68519dabb3510,On-demand course,,"link found via catalog search, not in blueprint",https://learning.servicenow.com/kb?id=kb_article_view&sysparm_article=KB0012913,2026-09-27
CIS-DF,course,Service Graph Connector Essentials,,blueprint: additional resources,https://learning.servicenow.com/lxp?id=learning_path_prev&path_id=2df391441bbe89109098c8ca234bcb57,Learning path,,"link found via catalog search, not in blueprint",https://learning.servicenow.com/kb?id=kb_article_view&sysparm_article=KB0012913,2026-09-27
CIS-DF,course,MID Server Fundamentals,,blueprint: additional resources,https://learning.servicenow.com/lxp?id=learning_course_prev&course_id=f7a9d613875ac7d052417445dabb35ee,On-demand course,,"link found via catalog search, not in blueprint",https://learning.servicenow.com/kb?id=kb_article_view&sysparm_article=KB0012913,2026-09-27
CIS-DF,course,Now Create CMDB and CSDM Data Foundations,,blueprint: additional resources,,,,No exact match in ServiceNow University catalog search; blueprint gives no link,https://learning.servicenow.com/kb?id=kb_article_view&sysparm_article=KB0012913,2026-09-27
CIS-DF,course,"Product specific training leveraging CMDB data (i.e., ITSM, CSM)",,blueprint: additional resources,,,,No exact match in ServiceNow University catalog search; blueprint gives no link,https://learning.servicenow.com/kb?id=kb_article_view&sysparm_article=KB0012913,2026-09-27
CIS-Discovery,spec,Exam blueprint,,,https://learning.servicenow.com/kb?id=kb_article_view&sysparm_article=KB0011545,,,KB0011545; blueprint says 'Updated November 2025',https://learning.servicenow.com/kb?id=kb_article_view&sysparm_article=KB0011545,2026-09-27
CIS-Discovery,credential-path,Credential path page,,,https://learning.servicenow.com/lxp/en/pages/now-learning-get-certified?id=amap_detail&summary_id=79d64e311bfcf01002ed2f89bd4bcb51&achievement_id=d48ed977dbc27f40de3cdb85ca9619cd,,,"ServiceNow University ""Get Certified"" path",https://learning.servicenow.com/lxp/en/pages/now-learning-get-certified?id=amap_detail&summary_id=79d64e311bfcf01002ed2f89bd4bcb51&achievement_id=d48ed977dbc27f40de3cdb85ca9619cd,2026-09-27
CIS-Discovery,prerequisite-certification,Certified Implementation Specialist – Data Foundations (CMDB and CSDM),,blueprint: Exam Prerequisites; credential path: step 2 (Complete the recommended Data Foundations training and earn the required certification),,,,Must hold before registering for this exam,https://learning.servicenow.com/kb?id=kb_article_view&sysparm_article=KB0011545,2026-09-27
CIS-Discovery,domain,Discovery Pattern Design,35%,,,,,"Pattern Designer (Debug, Steps, Sections); Operations (Match, Parse variable, Parse file, Parsing strategies) –; Syntax (Variables, Attributes, Regex); Application Identification and Connection Sections (Patterns, Identification and Connection Sections, Troubleshooting)",https://learning.servicenow.com/kb?id=kb_article_view&sysparm_article=KB0011545,2026-09-27
CIS-Discovery,domain,Discovery Configuration,35%,,,,,"Discovery Setup (Behaviors, Clusters, IP Services, Schedules); Discovery Process Flow (PCIE Phases, ECC Queue, Status, Discovered Device); Discovery Troubleshooting (Discovery Errors, Duplicates, Credentials)",https://learning.servicenow.com/kb?id=kb_article_view&sysparm_article=KB0011545,2026-09-27
CIS-Discovery,domain,Configuration Management Database,15%,,,,,"CI Class Manager (CMDB Health Dashboard, CI Class Manager, CMDB Tables, Reclassification, CMDB Relationships); CMDB Identification and Reconciliation (CI Identifiers, Reconciliation Definitions, Data source Precedence, CMDB De-duplication)",https://learning.servicenow.com/kb?id=kb_article_view&sysparm_article=KB0011545,2026-09-27
CIS-Discovery,domain,Discovery Engagement Readiness,15%,,,,,"Planning (MID Server Requirements and Specifications); Operationalizing IT (MID Server and Discovery Dashboards, Benefits); Discovery Solution (Business Value, Definition, Positioning)",https://learning.servicenow.com/kb?id=kb_article_view&sysparm_article=KB0011545,2026-09-27
CIS-Discovery,doc,ServiceNow Product documentation site,,blueprint,https://docs.servicenow.com/en-US/,,,General docs site; blueprint says exam questions are based on the product documentation,https://learning.servicenow.com/kb?id=kb_article_view&sysparm_article=KB0011545,2026-09-27
CIS-Discovery,doc,Discovery Product Documentation,,blueprint,https://docs.servicenow.com/bundle/newyork-it-operations-management/page/product/discovery/reference/r-discovery.html,,,Link as published points at the Newyork release docs,https://learning.servicenow.com/kb?id=kb_article_view&sysparm_article=KB0011545,2026-09-27
CIS-Discovery,exam,Certified Implementation Specialist - Discovery (CIS-DISCO),,credential path: step 4,https://learning.servicenow.com/lxp?id=learning_course_prev&course_id=ed3763d94774f6d0b8d109b4f16d4301,Exam : Pearson Vue,1h 30m,Exam registration page,https://learning.servicenow.com/lxp/en/pages/now-learning-get-certified?id=amap_detail&summary_id=79d64e311bfcf01002ed2f89bd4bcb51&achievement_id=d48ed977dbc27f40de3cdb85ca9619cd,2026-09-27
CIS-Discovery,course,ServiceNow Fundamentals,,blueprint: recommended,,,,No exact match in ServiceNow University catalog search; blueprint gives no link,https://learning.servicenow.com/kb?id=kb_article_view&sysparm_article=KB0011545,2026-09-27
CIS-Discovery,course,ServiceNow Get Started with Now Create,,blueprint: recommended; credential path: step 1 (Suggested pre-requisites),https://learning.servicenow.com/lxp?id=learning_course_prev&course_id=f13a1e8ddb6890503e73166e139619a7,On-demand Course,48m,"Credential path name: ""Get Started with the Now Create Methodology""",https://learning.servicenow.com/kb?id=kb_article_view&sysparm_article=KB0011545,2026-09-27
CIS-Discovery,course,ServiceNow Platform Implementation,,blueprint: recommended; credential path: step 1 (Suggested pre-requisites),https://learning.servicenow.com/lxp?id=learning_course_prev&course_id=4cd3c11c87f1619071a687f7dabb35c0,Choose course option (ILT or on-demand),,,https://learning.servicenow.com/kb?id=kb_article_view&sysparm_article=KB0011545,2026-09-27
CIS-Discovery,course,CMDB Fundamentals,,blueprint: recommended,https://learning.servicenow.com/lxp?id=learning_course_prev&course_id=2ad9219297d24f10f6913ce0f053afbb,On-demand course,,"catalog title: ""Configuration Management Database (CMDB) Fundamentals""; 2 catalog entries with this title (Instructor-led course, On-demand course); linked top search result; link found via catalog search, not in blueprint",https://learning.servicenow.com/kb?id=kb_article_view&sysparm_article=KB0011545,2026-09-27
CIS-Discovery,course,Discovery Fundamentals,,blueprint: recommended; credential path: step 3 (Proceed with recommended specialization courses),https://learning.servicenow.com/lxp?id=learning_course_prev&course_id=cb34419c87f1619071a687f7dabb35de,Choose course option (ILT or on-demand),,,https://learning.servicenow.com/kb?id=kb_article_view&sysparm_article=KB0011545,2026-09-27
CIS-Discovery,course,CIS-Discovery: Certification Test Prep,,blueprint: recommended,,,,No exact match in ServiceNow University catalog search; blueprint gives no link,https://learning.servicenow.com/kb?id=kb_article_view&sysparm_article=KB0011545,2026-09-27
CIS-Discovery,recommended-certification,Certified System Administrator,,blueprint: recommended,,,,,https://learning.servicenow.com/kb?id=kb_article_view&sysparm_article=KB0011545,2026-09-27
CIS-Discovery,recommended-certification,ITIL v3 Foundations Certified,,blueprint: recommended,,,,,https://learning.servicenow.com/kb?id=kb_article_view&sysparm_article=KB0011545,2026-09-27
CIS-Discovery,course,Welcome to ServiceNow,,credential path: step 1 (Suggested pre-requisites),https://learning.servicenow.com/lxp?id=learning_course_prev&course_id=33a389d887f1619071a687f7dabb3520,Choose course option (ILT or on-demand),,,https://learning.servicenow.com/lxp/en/pages/now-learning-get-certified?id=amap_detail&summary_id=79d64e311bfcf01002ed2f89bd4bcb51&achievement_id=d48ed977dbc27f40de3cdb85ca9619cd,2026-09-27
CIS-Discovery,course,ServiceNow Administration Fundamentals/CSA,,credential path: step 1 (Suggested pre-requisites),https://learning.servicenow.com/lxp?id=learning_course_prev&course_id=1bb389d887f1619071a687f7dabb3532,Choose course option (ILT or on-demand),,,https://learning.servicenow.com/lxp/en/pages/now-learning-get-certified?id=amap_detail&summary_id=79d64e311bfcf01002ed2f89bd4bcb51&achievement_id=d48ed977dbc27f40de3cdb85ca9619cd,2026-09-27
CIS-Discovery,course,IT Operations Management (ITOM) Overview,,credential path: step 1 (Suggested pre-requisites),https://learning.servicenow.com/lxp?id=learning_course_prev&course_id=e50285ec1bfac5509098c8ca234bcbad,On-demand Course,15m,,https://learning.servicenow.com/lxp/en/pages/now-learning-get-certified?id=amap_detail&summary_id=79d64e311bfcf01002ed2f89bd4bcb51&achievement_id=d48ed977dbc27f40de3cdb85ca9619cd,2026-09-27
CIS-EM,spec,Exam blueprint,,,https://learning.servicenow.com/kb?id=kb_article_view&sysparm_article=KB0011604,,,KB0011604; blueprint says 'Updated Jan 2026',https://learning.servicenow.com/kb?id=kb_article_view&sysparm_article=KB0011604,2026-09-27
CIS-EM,credential-path,Credential path page,,,https://learning.servicenow.com/lxp/en/pages/now-learning-get-certified?id=amap_detail&summary_id=79d64e311bfcf01002ed2f89bd4bcb51&achievement_id=108e1d77dbc27f40de3cdb85ca96192e,,,"ServiceNow University ""Get Certified"" path",https://learning.servicenow.com/lxp/en/pages/now-learning-get-certified?id=amap_detail&summary_id=79d64e311bfcf01002ed2f89bd4bcb51&achievement_id=108e1d77dbc27f40de3cdb85ca96192e,2026-09-27
CIS-EM,domain,Event Management Overview,7%,,,,,"IT Operations Management (ITOM) solution; Define customer challenges; Event Management key features and capabilities; Graphical user interfaces (operator workspace, alert intelligence, dependency maps); Common Service Data Model (business, application, and technical services)",https://learning.servicenow.com/kb?id=kb_article_view&sysparm_article=KB0011604,2026-09-27
CIS-EM,domain,Architecture and Discovery,10%,,,,,Discovery and MID server architecture; Event Management architecture and CMDB; The monitoring process; Validate a MID server,https://learning.servicenow.com/kb?id=kb_article_view&sysparm_article=KB0011604,2026-09-27
CIS-EM,domain,Event Configuration and Use,27%,,,,,"Event setup (event processing, event rules, event filter, event thresholds, operator workspace); Event Management process flow (event table, message key, event processing jobs, event field mapping, CI binding, best practices); Connectors (preconfigured, customized); Scripting (Regex, JavaScript, PowerShell)",https://learning.servicenow.com/kb?id=kb_article_view&sysparm_article=KB0011604,2026-09-27
CIS-EM,domain,Alerts and Tasks,30%,,,,,"Alert defined (alert record attributes, scheduled jobs; Alerts process flow (alert management rules, CI binding, priority scores, priority groups, incidents, best practices); Alert grouping (correlation rules, alert aggregation); Alert intelligence in Service Operations Workspace; Alert management rules; Alert impact profile (impact tree, impact rules, cluster example, SLAs)",https://learning.servicenow.com/kb?id=kb_article_view&sysparm_article=KB0011604,2026-09-27
CIS-EM,domain,Event Sources,16%,,,,,Identify event sources; Push vs. pull methods; Use inbound actions; Configure a monitoring connector; Use Agent Client Collector Monitoring,https://learning.servicenow.com/kb?id=kb_article_view&sysparm_article=KB0011604,2026-09-27
CIS-EM,domain,Metric Intelligence,10%,,,,,Review metric intelligence capabilities; Connect a metric source; Review the metric data pipeline; Identify anomaly bounds and thresholds; Use metric intelligence in Service Operations,https://learning.servicenow.com/kb?id=kb_article_view&sysparm_article=KB0011604,2026-09-27
CIS-EM,doc,ServiceNow Product documentation site,,blueprint,https://docs.servicenow.com/en-US/,,,General docs site; blueprint says exam questions are based on the product documentation,https://learning.servicenow.com/kb?id=kb_article_view&sysparm_article=KB0011604,2026-09-27
CIS-EM,exam,Certified Implementation Specialist - Event Management (CIS-EM),,credential path: step 3,https://learning.servicenow.com/lxp?id=learning_course_prev&course_id=49a86bd147b4f6d0b8d109b4f16d43c5,Exam : Pearson Vue,,Exam registration page,https://learning.servicenow.com/lxp/en/pages/now-learning-get-certified?id=amap_detail&summary_id=79d64e311bfcf01002ed2f89bd4bcb51&achievement_id=108e1d77dbc27f40de3cdb85ca96192e,2026-09-27
CIS-EM,course,Welcome to ServiceNow,,blueprint: recommended; credential path: step 1 (Suggested pre-requisites),https://learning.servicenow.com/lxp?id=learning_course_prev&course_id=4d0545508735619071a687f7dabb35be,Choose course option (ILT or on-demand),,,https://learning.servicenow.com/kb?id=kb_article_view&sysparm_article=KB0011604,2026-09-27
CIS-EM,course,ServiceNow Administration Fundamentals,,blueprint: recommended; credential path: step 1 (Suggested pre-requisites),https://learning.servicenow.com/lxp?id=learning_course_prev&course_id=e0154d508735619071a687f7dabb3530,Choose course option (ILT or on-demand),,"Credential path name: ""ServiceNow Administration Fundamentals/CSA""",https://learning.servicenow.com/kb?id=kb_article_view&sysparm_article=KB0011604,2026-09-27
CIS-EM,course,ServiceNow Get Started with Now Create,,blueprint: recommended; credential path: step 1 (Suggested pre-requisites),https://learning.servicenow.com/lxp?id=learning_course_prev&course_id=f13a1e8ddb6890503e73166e139619a7,On-demand Course,48m,"Credential path name: ""Get Started with the Now Create Methodology""",https://learning.servicenow.com/kb?id=kb_article_view&sysparm_article=KB0011604,2026-09-27
CIS-EM,course,ServiceNow Platform Implementation,,blueprint: recommended; credential path: step 1 (Suggested pre-requisites),https://learning.servicenow.com/lxp?id=learning_course_prev&course_id=8d65c1d08735619071a687f7dabb353b,Choose course option (ILT or on-demand),,,https://learning.servicenow.com/kb?id=kb_article_view&sysparm_article=KB0011604,2026-09-27
CIS-EM,course,CMDB Fundamentals,,blueprint: recommended,https://learning.servicenow.com/lxp?id=learning_course_prev&course_id=2ad9219297d24f10f6913ce0f053afbb,On-demand course,,"catalog title: ""Configuration Management Database (CMDB) Fundamentals""; 2 catalog entries with this title (Instructor-led course, On-demand course); linked top search result; link found via catalog search, not in blueprint",https://learning.servicenow.com/kb?id=kb_article_view&sysparm_article=KB0011604,2026-09-27
CIS-EM,course,ITOM Overview,,blueprint: recommended; credential path: step 1 (Suggested pre-requisites),https://learning.servicenow.com/lxp?id=learning_course_prev&course_id=e50285ec1bfac5509098c8ca234bcbad,On-demand Course,15m,"Credential path name: ""IT Operations Management (ITOM) Overview""",https://learning.servicenow.com/kb?id=kb_article_view&sysparm_article=KB0011604,2026-09-27
CIS-EM,course,Event Management Fundamentals On Demand,,blueprint: recommended; credential path: step 2 (Proceed with recommended specialization courses),https://learning.servicenow.com/lxp?id=learning_course_prev&course_id=dc85c9d08735619071a687f7dabb3557,Choose course option (ILT or on-demand),,"Credential path name: ""Event Management Fundamentals""",https://learning.servicenow.com/kb?id=kb_article_view&sysparm_article=KB0011604,2026-09-27
CIS-EM,recommended-certification,ITIL Foundations Certified,,blueprint: additional resources,,,,,https://learning.servicenow.com/kb?id=kb_article_view&sysparm_article=KB0011604,2026-09-27
CIS-FSM,spec,Exam blueprint,,,https://learning.servicenow.com/kb?id=kb_article_view&sysparm_article=KB0011546,,,KB0011546; blueprint says 'Updated January 2026',https://learning.servicenow.com/kb?id=kb_article_view&sysparm_article=KB0011546,2026-09-27
CIS-FSM,credential-path,Credential path page,,,https://learning.servicenow.com/lxp/en/pages/now-learning-get-certified?id=amap_detail&summary_id=79d64e311bfcf01002ed2f89bd4bcb51&achievement_id=a48e1d77dbc27f40de3cdb85ca96196e,,,"ServiceNow University ""Get Certified"" path",https://learning.servicenow.com/lxp/en/pages/now-learning-get-certified?id=amap_detail&summary_id=79d64e311bfcf01002ed2f89bd4bcb51&achievement_id=a48e1d77dbc27f40de3cdb85ca96196e,2026-09-27
CIS-FSM,domain,Field Service Management Fundamentals,42%,,,,,"Field service types, modules and industry use cases; Field Service Management solution features; Process lifecycle, personas, roles, and related terminology; Work order initiation, qualification, scheduling and dispatch, and delivery and confirmation activities; Using the mobile application to fulfill work orders, record time worked, parts used, incidentals, etc; Managing agent skills and schedules",https://learning.servicenow.com/kb?id=kb_article_view&sysparm_article=KB0011546,2026-09-27
CIS-FSM,domain,Implementation Planning,3%,,,,,"Preparation activities stakeholders, and good practices; ServiceNow maturity levels; Integrations with applications and data sources",https://learning.servicenow.com/kb?id=kb_article_view&sysparm_article=KB0011546,2026-09-27
CIS-FSM,domain,Implementing Field Service Processes,52%,,,,,"Establishing foundational data (locations, groups, users, customer accounts, contacts, stockrooms, assets, etc.); Configuring field service business process, assignment, and add-ons; Configuring work order templates, task dependencies, and SMART Assessment  for FSM questionnaires; Configuring workforce management (agent skills, schedules, and events); Configuring preventive maintenance for field service assets; Inventory management, part sourcing and transfer process; Configuring scheduling methods (schedule optimization, dynamic scheduling, route optimization) and task allocation preferences; Dispatcher workspace configuration and settings; Configuring Appointment Booking services; Time recording, rate types, labor rate cards, and time sheet policies",https://learning.servicenow.com/kb?id=kb_article_view&sysparm_article=KB0011546,2026-09-27
CIS-FSM,domain,Implementing Related Processes,3%,,,,,"Configuring agent feedback and tracking; Targeted communications; Contextual knowledge; Set up and usage of Now Agent mobile application, mobile offline",https://learning.servicenow.com/kb?id=kb_article_view&sysparm_article=KB0011546,2026-09-27
CIS-FSM,doc,ServiceNow Product documentation site,,blueprint,https://docs.servicenow.com/en-US/,,,General docs site; blueprint says exam questions are based on the product documentation,https://learning.servicenow.com/kb?id=kb_article_view&sysparm_article=KB0011546,2026-09-27
CIS-FSM,course,Field Service Management (FSM) Extras,,blueprint,https://learning.servicenow.com/lxp/en/field-service-management/field-service-management-fsm-extras?id=learning_path_prev&path_id=2eb90e8c4704b11490542034846d43e9,Learning path,,,https://learning.servicenow.com/kb?id=kb_article_view&sysparm_article=KB0011546,2026-09-27
CIS-FSM,exam,Certified Implementation Specialist - Field Service Management (CIS-FSM),,credential path: step 3,https://learning.servicenow.com/lxp?id=learning_course_prev&course_id=c9d9af5947b4f6d0b8d109b4f16d4370,Exam : Pearson Vue,1h 30m,Exam registration page,https://learning.servicenow.com/lxp/en/pages/now-learning-get-certified?id=amap_detail&summary_id=79d64e311bfcf01002ed2f89bd4bcb51&achievement_id=a48e1d77dbc27f40de3cdb85ca96196e,2026-09-27
CIS-FSM,course,Welcome to ServiceNow,,blueprint: recommended; credential path: step 1 (Suggested pre-requisites),https://learning.servicenow.com/lxp?id=learning_course_prev&course_id=94eeb0d487b1619071a687f7dabb35db,Choose course option (ILT or on-demand),,,https://learning.servicenow.com/kb?id=kb_article_view&sysparm_article=KB0011546,2026-09-27
CIS-FSM,course,ServiceNow Administration Fundamentals,,blueprint: recommended; credential path: step 1 (Suggested pre-requisites),https://learning.servicenow.com/lxp?id=learning_course_prev&course_id=1cfef4d487b1619071a687f7dabb35d0,Choose course option (ILT or on-demand),,"Credential path name: ""ServiceNow Administration Fundamentals/CSA""",https://learning.servicenow.com/kb?id=kb_article_view&sysparm_article=KB0011546,2026-09-27
CIS-FSM,course,ServiceNow Administration Advanced,,blueprint: recommended,https://learning.servicenow.com/lxp?id=learning_course_prev&course_id=5b8cd5f447776a9c850ec705f16d4354,On-demand course,,"3 catalog entries with this title (Instructor-led course, On-demand course); linked top search result; link found via catalog search, not in blueprint",https://learning.servicenow.com/kb?id=kb_article_view&sysparm_article=KB0011546,2026-09-27
CIS-FSM,course,Get Started with Now Create,,blueprint: recommended; credential path: step 1 (Suggested pre-requisites),https://learning.servicenow.com/lxp?id=learning_course_prev&course_id=f13a1e8ddb6890503e73166e139619a7,On-demand Course,48m,"Credential path name: ""Get Started with the Now Create Methodology""",https://learning.servicenow.com/kb?id=kb_article_view&sysparm_article=KB0011546,2026-09-27
CIS-FSM,course,ServiceNow Platform Implementation,,blueprint: recommended; credential path: step 1 (Suggested pre-requisites),https://learning.servicenow.com/lxp?id=learning_course_prev&course_id=6c3ff41887b1619071a687f7dabb35de,Choose course option (ILT or on-demand),,,https://learning.servicenow.com/kb?id=kb_article_view&sysparm_article=KB0011546,2026-09-27
CIS-FSM,course,Field Service Management (FSM) Fundamentals,,blueprint: recommended; credential path: step 2 (Proceed with recommended specialization courses),https://learning.servicenow.com/lxp?id=learning_course_prev&course_id=1f068f541badf810c93aece03d4bcba5,Choose course option (ILT or on-demand),,,https://learning.servicenow.com/kb?id=kb_article_view&sysparm_article=KB0011546,2026-09-27
CIS-FSM,course,Field Service Management (FSM) Implementation,,blueprint: recommended; credential path: step 2 (Proceed with recommended specialization courses),https://learning.servicenow.com/lxp?id=learning_course_prev&course_id=6a7f3c5887b1619071a687f7dabb35e8,Choose course option (ILT or on-demand),,,https://learning.servicenow.com/kb?id=kb_article_view&sysparm_article=KB0011546,2026-09-27
CIS-HAM,spec,Exam blueprint,,,https://learning.servicenow.com/kb?id=kb_article_view&sysparm_article=KB0011563,,,KB0011563; blueprint says 'Updated January 2026',https://learning.servicenow.com/kb?id=kb_article_view&sysparm_article=KB0011563,2026-09-27
CIS-HAM,credential-path,Credential path page,,,https://learning.servicenow.com/lxp/en/pages/now-learning-get-certified?id=amap_detail&summary_id=79d64e311bfcf01002ed2f89bd4bcb51&achievement_id=4181f10f1bb25890ac0f65b82d4bcb63,,,"ServiceNow University ""Get Certified"" path",https://learning.servicenow.com/lxp/en/pages/now-learning-get-certified?id=amap_detail&summary_id=79d64e311bfcf01002ed2f89bd4bcb51&achievement_id=4181f10f1bb25890ac0f65b82d4bcb63,2026-09-27
CIS-HAM,prerequisite-certification,Certified Implementation Specialist – Data Foundations (CMDB and CSDM),,blueprint: Exam Prerequisites; credential path: step 2 (Complete the recommended Data Foundations training and earn the required certification),,,,Must hold before registering for this exam,https://learning.servicenow.com/kb?id=kb_article_view&sysparm_article=KB0011563,2026-09-27
CIS-HAM,domain,IT Asset Management Overview & Fundamentals,20%,,,,,"A – IT Asset Management Basics; Core IT asset management terminology, concepts, and goals; B – Hardware Asset Lifecycle; Hardware asset lifecycle, stages, and components; C – Application Introduction and Recommended Practices; Implementing hardware asset management (e.g., best practices, capability blueprint, Now Create implementation methodology); D – Implementing Hardware Asset Management in ServiceNow; IT asset management personas, roles, and groups; Implementing hardware asset management in ServiceNow - ITSM Asset Management and Hardware Asset Management (HAM) (e.g., resources, plugins, processes, capabilities, navigation)",https://learning.servicenow.com/kb?id=kb_article_view&sysparm_article=KB0011563,2026-09-27
CIS-HAM,domain,Data Integrity – Attributes and Data Sources,27%,,,,,"A – Trustworthy Data Fundamentals; Trustworthy data (e.g., what is it, why it is critical for ITAM); B – Creating Trustworthy Data; Assets vs. configuration items (CIs) (e.g., characteristics, relationships); Creating hardware assets and CIs (e.g., processes, asset states, device details, hardware models, hardware model categories, CI classes); Managing hardware assets and CIs (e.g., asset and CI data synchronization, enforcing CI verification, asset tracking, tracking strategies); C – Hardware Discovery and Normalization; Using Discovery, CMDB, and Normalization Data Services (NDS) to provide trustworthy data; D – HAM Hardware Model Normalization; What it does and does not do; What data it provides (e.g., key fields, hardware model lifecycle data); How it works (e.g., process, hardware model normalization tables, normalization statuses, manual normalization, resolving normalization issues, Hardware Model Normalization Overview dashboard); ServiceNow hardware model Content Service (e.g., how it supports normalization, process)",https://learning.servicenow.com/kb?id=kb_article_view&sysparm_article=KB0011563,2026-09-27
CIS-HAM,domain,Practical Management of IT Assets,30%,,,,,"A – Consumables; Assets vs. consumables; Managing consumables (e.g., creating, tracking, consuming); B – Inventory and Stock; Managing inventory and stock (e.g., tracking, transfer orders, stock rules); Asset audits (e.g., process); C – Automating Asset Management Lifecycle; Automating asset population into ServiceNow (e.g., import and update sets, process, transform maps, complex imports); Automating asset inventory with HAM (e.g., Mobile Asset Inventory Audit, process, creating audits, scanning assets, reviewing assets, completing audits); Managing asset retirement (e.g., asset states, process (manual and automated), workflows); Automating hardware asset lifecycle with HAM (e.g., goals, asset flows and asset tasks, processes, standard flows, customizing flows, asset actions); D – Contract and Change Management; Managing hardware contracts (e.g., creating, adjusting, lifecycle)",https://learning.servicenow.com/kb?id=kb_article_view&sysparm_article=KB0011563,2026-09-27
CIS-HAM,domain,Operational Integration of IT Asset Management Processes,18%,,,,,"A – Reports and Dashboards; Generating asset reports for IT Asset Management (e.g., available reports, process, customizing); Using IT Asset Management dashboards (e.g., Overview, My Assets, purpose, process, data available); Using HAM Hardware Asset Manager dashboard (e.g., purpose, process, data available); Using Hardware Asset Workspace (e.g., purpose, process, data available); B – Requests and Procurement; Managing requests and procurement in ITSM Asset Management (e.g., catalogs, publishing, ordering, sourcing, receiving, purchase orders, using mobile ITAM apps); Automating stock management in ITSM Asset Management and HAM (e.g., from warehouses, from vendors, configuring stock rules, bulk stock orders); C – Extending Asset Management; Asset management vs. configuration management; Extending asset management and configuration management (e.g., extending asset/CI/product model classes, process, recommended practices); D – Data Accuracy; Define data management and hygiene; Data certification (e.g., roles, process, filters, schedules); Data hygiene",https://learning.servicenow.com/kb?id=kb_article_view&sysparm_article=KB0011563,2026-09-27
CIS-HAM,domain,Financial Management of IT Assets,5%,,,,,"A – Hardware Contract Financials; Key components of hardware contract financials (e.g., contract rate cards, expense lines, processing costs); B – IT Cost Management; Understand IT Cost Management (e.g., depreciation, fixed assets, total cost of ownership)",https://learning.servicenow.com/kb?id=kb_article_view&sysparm_article=KB0011563,2026-09-27
CIS-HAM,doc,ServiceNow Product documentation site,,blueprint,https://docs.servicenow.com/en-US/,,,General docs site; blueprint says exam questions are based on the product documentation,https://learning.servicenow.com/kb?id=kb_article_view&sysparm_article=KB0011563,2026-09-27
CIS-HAM,exam,Certified Implementation Specialist - Hardware Asset Management (CIS-HAM),,credential path: step 4,https://learning.servicenow.com/lxp?id=learning_course_prev&course_id=937ae71d47b4f6d0b8d109b4f16d4368,Exam : Pearson Vue,1h 30m,Exam registration page,https://learning.servicenow.com/lxp/en/pages/now-learning-get-certified?id=amap_detail&summary_id=79d64e311bfcf01002ed2f89bd4bcb51&achievement_id=4181f10f1bb25890ac0f65b82d4bcb63,2026-09-27
CIS-HAM,course,Welcome to ServiceNow,,blueprint: recommended; credential path: step 1 (Suggested pre-requisites),https://learning.servicenow.com/lxp?id=learning_course_prev&course_id=f2764d988735619071a687f7dabb35b9,Choose course option (ILT or on-demand),,,https://learning.servicenow.com/kb?id=kb_article_view&sysparm_article=KB0011563,2026-09-27
CIS-HAM,course,ServiceNow Administration Fundamentals,,blueprint: recommended; credential path: step 1 (Suggested pre-requisites),https://learning.servicenow.com/lxp?id=learning_course_prev&course_id=9b8681d88735619071a687f7dabb35aa,Choose course option (ILT or on-demand),,"Credential path name: ""ServiceNow Administration Fundamentals/CSA""",https://learning.servicenow.com/kb?id=kb_article_view&sysparm_article=KB0011563,2026-09-27
CIS-HAM,course,Get Started with Now Create,,blueprint: recommended; credential path: step 1 (Suggested pre-requisites),https://learning.servicenow.com/lxp?id=learning_course_prev&course_id=f13a1e8ddb6890503e73166e139619a7,On-demand Course,48m,"Credential path name: ""Get Started with the Now Create Methodology""",https://learning.servicenow.com/kb?id=kb_article_view&sysparm_article=KB0011563,2026-09-27
CIS-HAM,course,ServiceNow Platform Implementation,,blueprint: recommended; credential path: step 1 (Suggested pre-requisites),https://learning.servicenow.com/lxp?id=learning_course_prev&course_id=46b6491c8735619071a687f7dabb35b5,Choose course option (ILT or on-demand),,,https://learning.servicenow.com/kb?id=kb_article_view&sysparm_article=KB0011563,2026-09-27
CIS-HAM,course,Hardware Asset Management (HAM) Fundamentals,,blueprint: recommended; credential path: step 3 (Proceed with recommended specialization courses),https://learning.servicenow.com/lxp?id=learning_course_prev&course_id=35d6855c8735619071a687f7dabb3531,Choose course option (ILT or on-demand),,"Blueprint: ""Hardware Asset Management (HAM) Fundamentals"" OR ""Hardware Asset Management (HAM) Fundamentals - On Demand"" (either one)",https://learning.servicenow.com/kb?id=kb_article_view&sysparm_article=KB0011563,2026-09-27
CIS-HAM,course,Hardware Asset Simulator,,blueprint: additional resources,,,,No exact match in ServiceNow University catalog search; blueprint gives no link,https://learning.servicenow.com/kb?id=kb_article_view&sysparm_article=KB0011563,2026-09-27
CIS-HAM,course,Additional Recommended Courses for Hardware Asset Management (HAM) Implementers,,blueprint: additional resources,https://learning.servicenow.com/lxp?id=learning_path_prev&path_id=99f6209cdb85a0107aa13df339961927,Collection,,"link found via catalog search, not in blueprint",https://learning.servicenow.com/kb?id=kb_article_view&sysparm_article=KB0011563,2026-09-27
CIS-HR,spec,Exam blueprint,,,https://learning.servicenow.com/kb?id=kb_article_view&sysparm_article=KB0011654,,,KB0011654; blueprint says 'Updated July 2026',https://learning.servicenow.com/kb?id=kb_article_view&sysparm_article=KB0011654,2026-09-27
CIS-HR,credential-path,Credential path page,,,https://learning.servicenow.com/lxp/en/pages/now-learning-get-certified?id=amap_detail&summary_id=79d64e311bfcf01002ed2f89bd4bcb51&achievement_id=1c8e1d77dbc27f40de3cdb85ca96194b,,,"ServiceNow University ""Get Certified"" path",https://learning.servicenow.com/lxp/en/pages/now-learning-get-certified?id=amap_detail&summary_id=79d64e311bfcf01002ed2f89bd4bcb51&achievement_id=1c8e1d77dbc27f40de3cdb85ca96194b,2026-09-27
CIS-HR,domain,Describe and use the ServiceNow HR System Architecture,30%,,,,,Plugins; HR Table Structure; Application Scoping,https://learning.servicenow.com/kb?id=kb_article_view&sysparm_article=KB0011654,2026-09-27
CIS-HR,domain,Configure and Implement ServiceNow Core HR Applications and Employee Center,40%,,,,,"Users, Groups, Skills, and Roles; Assignment Rules; HR Service, HR Catalog Items, and Record Producers; Employee Center Branding",https://learning.servicenow.com/kb?id=kb_article_view&sysparm_article=KB0011654,2026-09-27
CIS-HR,domain,"Describe and Use Platform, Role, and Contextual Security",30%,,,,,"Describe how Platform, role, and contextual security are used in ServiceNow; Understand how the Delegated Developer role works; Understand how to configure security options to protect HR data",https://learning.servicenow.com/kb?id=kb_article_view&sysparm_article=KB0011654,2026-09-27
CIS-HR,doc,ServiceNow Product documentation site for the HR product,,blueprint,https://docs.servicenow.com/bundle/xanadu-employee-service-management/page/product/human-resources/concept/hr-service-delivery.html,,,Link as published points at the Xanadu release docs,https://learning.servicenow.com/kb?id=kb_article_view&sysparm_article=KB0011654,2026-09-27
CIS-HR,doc,ServiceNow Product Documentation site for Employee Center,,blueprint,https://docs.servicenow.com/bundle/xanadu-employee-service-management/page/product/employee-center/concept/employee-center-landing-page.html,,,Link as published points at the Xanadu release docs,https://learning.servicenow.com/kb?id=kb_article_view&sysparm_article=KB0011654,2026-09-27
CIS-HR,doc,ServiceNow developer site,,blueprint,https://developer.servicenow.com/dev.do,,,Named as an exam question source,https://learning.servicenow.com/kb?id=kb_article_view&sysparm_article=KB0011654,2026-09-27
CIS-HR,exam,Certified Implementation Specialist - Human Resources (CIS-HR),,credential path: step 3,https://learning.servicenow.com/lxp?id=learning_course_prev&course_id=4d6ceb5547f4f6d0b8d109b4f16d43fe,Exam : Pearson Vue,1h 30m,Exam registration page,https://learning.servicenow.com/lxp/en/pages/now-learning-get-certified?id=amap_detail&summary_id=79d64e311bfcf01002ed2f89bd4bcb51&achievement_id=1c8e1d77dbc27f40de3cdb85ca96194b,2026-09-27
CIS-HR,course,Welcome to ServiceNow,,blueprint: recommended; credential path: step 1 (Suggested pre-requisites),https://learning.servicenow.com/lxp?id=learning_course_prev&course_id=6e488c4387fa59546a0bedbd0ebb350a,Choose course option (ILT or on-demand),,,https://learning.servicenow.com/kb?id=kb_article_view&sysparm_article=KB0011654,2026-09-27
CIS-HR,course,ServiceNow Administration Fundamentals,,blueprint: recommended; credential path: step 1 (Suggested pre-requisites),https://learning.servicenow.com/lxp?id=learning_course_prev&course_id=a6e6758e97ada91057f370871153afe5,Choose course option (ILT or on-demand),,"Credential path name: ""ServiceNow Administration Fundamentals/CSA""",https://learning.servicenow.com/kb?id=kb_article_view&sysparm_article=KB0011654,2026-09-27
CIS-HR,course,Get Started with Now Create,,blueprint: recommended; credential path: step 1 (Suggested pre-requisites),https://learning.servicenow.com/lxp?id=learning_course_prev&course_id=f13a1e8ddb6890503e73166e139619a7,On-demand Course,48m,"Credential path name: ""Get Started with the Now Create Methodology""",https://learning.servicenow.com/kb?id=kb_article_view&sysparm_article=KB0011654,2026-09-27
CIS-HR,course,ServiceNow Platform Implementation,,blueprint: recommended; credential path: step 1 (Suggested pre-requisites),https://learning.servicenow.com/lxp?id=learning_course_prev&course_id=f817f58e97ada91057f370871153afc6,Choose course option (ILT or on-demand),,,https://learning.servicenow.com/kb?id=kb_article_view&sysparm_article=KB0011654,2026-09-27
CIS-HR,course,Employee Center Essentials,,blueprint: recommended; credential path: step 1 (Suggested pre-requisites),https://learning.servicenow.com/lxp?id=learning_course_prev&course_id=76faa9259793ce50e4fb72de2153afd2,On-demand Course,3h 45m,"Credential path name: ""Employee Center Essentials (Xanadu)""",https://learning.servicenow.com/kb?id=kb_article_view&sysparm_article=KB0011654,2026-09-27
CIS-HR,course,Introduction to HR Service Delivery,,blueprint: recommended,,,,No exact match in ServiceNow University catalog search; blueprint gives no link,https://learning.servicenow.com/kb?id=kb_article_view&sysparm_article=KB0011654,2026-09-27
CIS-HR,course,Human Resources (HR) Fundamentals,,blueprint: recommended; credential path: step 2 (Proceed with recommended specialization courses),https://learning.servicenow.com/lxp?id=learning_course_prev&course_id=e5b781218706a59452417445dabb359a,Choose course option (ILT or on-demand),,,https://learning.servicenow.com/kb?id=kb_article_view&sysparm_article=KB0011654,2026-09-27
CIS-HR,course,Human Resources (HR) Implementation,,blueprint: recommended; credential path: step 2 (Proceed with recommended specialization courses),https://learning.servicenow.com/lxp?id=learning_course_prev&course_id=16877d0297eda91057f370871153af09,Choose course option (ILT or on-demand),,,https://learning.servicenow.com/kb?id=kb_article_view&sysparm_article=KB0011654,2026-09-27
CIS-HR,course,Human Resources (HR) Simulator,,blueprint: additional resources,,,,No exact match in ServiceNow University catalog search; blueprint gives no link,https://learning.servicenow.com/kb?id=kb_article_view&sysparm_article=KB0011654,2026-09-27
CIS-HR,course,Service Portal Fundamentals,,blueprint: additional resources,https://learning.servicenow.com/lxp?id=learning_course_prev&course_id=c28b427997f903902192b37de053af72,On-demand course,,"catalog title: ""Service Portal Fundamentals (Australia)""; 2 catalog entries with this title (Instructor-led course, On-demand course); linked top search result; link found via catalog search, not in blueprint",https://learning.servicenow.com/kb?id=kb_article_view&sysparm_article=KB0011654,2026-09-27
CIS-HR,course,Performance Analytics Fundamentals & Advanced,,blueprint: additional resources,,,,No exact match in ServiceNow University catalog search; blueprint gives no link,https://learning.servicenow.com/kb?id=kb_article_view&sysparm_article=KB0011654,2026-09-27
CIS-HR,course,ServiceNow Localization Fundamentals,,blueprint: additional resources,,,,No exact match in ServiceNow University catalog search; blueprint gives no link,https://learning.servicenow.com/kb?id=kb_article_view&sysparm_article=KB0011654,2026-09-27
CIS-HR,course,Common Service Data Model (CSDM),,blueprint: additional resources,,,,No exact match in ServiceNow University catalog search; blueprint gives no link,https://learning.servicenow.com/kb?id=kb_article_view&sysparm_article=KB0011654,2026-09-27
CIS-HR,course,Configuration Management Database (CMDB) Fundamentals,,blueprint: additional resources,https://learning.servicenow.com/lxp?id=learning_course_prev&course_id=2ad9219297d24f10f6913ce0f053afbb,On-demand course,,"2 catalog entries with this title (Instructor-led course, On-demand course); linked top search result; link found via catalog search, not in blueprint",https://learning.servicenow.com/kb?id=kb_article_view&sysparm_article=KB0011654,2026-09-27
CIS-HR,course,Continual Improvement Management Essentials,,blueprint: additional resources,https://learning.servicenow.com/lxp?id=learning_course_prev&course_id=738e7eaf83e1d6900593bcffeeaad341,On-demand course,,"link found via catalog search, not in blueprint",https://learning.servicenow.com/kb?id=kb_article_view&sysparm_article=KB0011654,2026-09-27
CIS-HR,course,Workforce Optimization Essentials,,blueprint: additional resources,,,,No exact match in ServiceNow University catalog search; blueprint gives no link,https://learning.servicenow.com/kb?id=kb_article_view&sysparm_article=KB0011654,2026-09-27
CIS-HR,course,Process Optimization Essentials,,blueprint: additional resources,,,,No exact match in ServiceNow University catalog search; blueprint gives no link,https://learning.servicenow.com/kb?id=kb_article_view&sysparm_article=KB0011654,2026-09-27
CIS-HR,course,Get Started with Universal Request,,blueprint: additional resources,,,,No exact match in ServiceNow University catalog search; blueprint gives no link,https://learning.servicenow.com/kb?id=kb_article_view&sysparm_article=KB0011654,2026-09-27
CIS-ITSM,spec,Exam blueprint,,,https://learning.servicenow.com/kb?id=kb_article_view&sysparm_article=KB0011560,,,KB0011560; blueprint says 'Updated January 2026',https://learning.servicenow.com/kb?id=kb_article_view&sysparm_article=KB0011560,2026-09-27
CIS-ITSM,credential-path,Credential path page,,,https://learning.servicenow.com/lxp/en/pages/now-learning-get-certified?id=amap_detail&summary_id=79d64e311bfcf01002ed2f89bd4bcb51&achievement_id=6c8e1d77dbc27f40de3cdb85ca961970,,,"ServiceNow University ""Get Certified"" path",https://learning.servicenow.com/lxp/en/pages/now-learning-get-certified?id=amap_detail&summary_id=79d64e311bfcf01002ed2f89bd4bcb51&achievement_id=6c8e1d77dbc27f40de3cdb85ca961970,2026-09-27
CIS-ITSM,prerequisite-certification,Certified Implementation Specialist – Data Foundations (CMDB and CSDM),,blueprint: Exam Prerequisites; credential path: step 2 (Complete the recommended Data Foundations training and earn the required certification),,,,Must hold before registering for this exam,https://learning.servicenow.com/kb?id=kb_article_view&sysparm_article=KB0011560,2026-09-27
CIS-ITSM,domain,Incident Management,25%,,,,,Architecture; Scoping and Requirements; Configuration: Incident lifecycle,https://learning.servicenow.com/kb?id=kb_article_view&sysparm_article=KB0011560,2026-09-27
CIS-ITSM,domain,Problem Management,15%,,,,,Architecture; Scoping and requirements; Problem Lifecycle Configuration,https://learning.servicenow.com/kb?id=kb_article_view&sysparm_article=KB0011560,2026-09-27
CIS-ITSM,domain,Change Management,25%,,,,,Change Management architecture and configuration,https://learning.servicenow.com/kb?id=kb_article_view&sysparm_article=KB0011560,2026-09-27
CIS-ITSM,domain,Service Portfolio Management,5%,,,,,,https://learning.servicenow.com/kb?id=kb_article_view&sysparm_article=KB0011560,2026-09-27
CIS-ITSM,domain,Service Catalog and Request Management,25%,,,,,Architecture; Scoping and Requirements; Configuration; Integrations,https://learning.servicenow.com/kb?id=kb_article_view&sysparm_article=KB0011560,2026-09-27
CIS-ITSM,domain,Configuration Management Database,5%,,,,,,https://learning.servicenow.com/kb?id=kb_article_view&sysparm_article=KB0011560,2026-09-27
CIS-ITSM,doc,ServiceNow Product documentation site,,blueprint,https://docs.servicenow.com/en-US/,,,General docs site; blueprint says exam questions are based on the product documentation,https://learning.servicenow.com/kb?id=kb_article_view&sysparm_article=KB0011560,2026-09-27
CIS-ITSM,exam,Certified Implementation Specialist - IT Service Management (CIS-ITSM),,credential path: step 5,https://learning.servicenow.com/lxp?id=learning_course_prev&course_id=3e531eb947b47210850ec705f16d434b,Exam : Pearson Vue,1h 30m,Exam registration page,https://learning.servicenow.com/lxp/en/pages/now-learning-get-certified?id=amap_detail&summary_id=79d64e311bfcf01002ed2f89bd4bcb51&achievement_id=6c8e1d77dbc27f40de3cdb85ca961970,2026-09-27
CIS-ITSM,course,Welcome to ServiceNow,,blueprint: recommended; credential path: step 1 (Suggested pre-requisites),https://learning.servicenow.com/lxp?id=learning_course_prev&course_id=f6c8c48787fa59546a0bedbd0ebb35a3,Choose course option (ILT or on-demand),,,https://learning.servicenow.com/kb?id=kb_article_view&sysparm_article=KB0011560,2026-09-27
CIS-ITSM,course,ServiceNow Administration Fundamentals,,blueprint: recommended; credential path: step 1 (Suggested pre-requisites),https://learning.servicenow.com/lxp?id=learning_course_prev&course_id=6784ded887b9a19071a687f7dabb3505,Choose course option (ILT or on-demand),,"Credential path name: ""ServiceNow Administration Fundamentals/CSA""",https://learning.servicenow.com/kb?id=kb_article_view&sysparm_article=KB0011560,2026-09-27
CIS-ITSM,course,ServiceNow Administration Advanced,,blueprint: recommended,https://learning.servicenow.com/lxp?id=learning_course_prev&course_id=5b8cd5f447776a9c850ec705f16d4354,On-demand course,,"3 catalog entries with this title (Instructor-led course, On-demand course); linked top search result; link found via catalog search, not in blueprint",https://learning.servicenow.com/kb?id=kb_article_view&sysparm_article=KB0011560,2026-09-27
CIS-ITSM,course,ServiceNow Get Started with Now Create,,blueprint: recommended; credential path: step 1 (Suggested pre-requisites),https://learning.servicenow.com/lxp?id=learning_course_prev&course_id=f13a1e8ddb6890503e73166e139619a7,On-demand Course,48m,"Credential path name: ""Get Started with the Now Create Methodology""",https://learning.servicenow.com/kb?id=kb_article_view&sysparm_article=KB0011560,2026-09-27
CIS-ITSM,course,ServiceNow Platform Implementation,,blueprint: recommended; credential path: step 1 (Suggested pre-requisites),https://learning.servicenow.com/lxp?id=learning_course_prev&course_id=88c49a1c87b9a19071a687f7dabb35d0,Choose course option (ILT or on-demand),,,https://learning.servicenow.com/kb?id=kb_article_view&sysparm_article=KB0011560,2026-09-27
CIS-ITSM,course,CMDB Fundamentals,,blueprint: recommended,https://learning.servicenow.com/lxp?id=learning_course_prev&course_id=2ad9219297d24f10f6913ce0f053afbb,On-demand course,,"catalog title: ""Configuration Management Database (CMDB) Fundamentals""; 2 catalog entries with this title (Instructor-led course, On-demand course); linked top search result; link found via catalog search, not in blueprint",https://learning.servicenow.com/kb?id=kb_article_view&sysparm_article=KB0011560,2026-09-27
CIS-ITSM,course,ServiceNow ITSM Fundamentals,,blueprint: recommended; credential path: step 3 (Proceed with recommended specialization courses),https://learning.servicenow.com/lxp?id=learning_course_prev&course_id=f677804f472461d05cbdaf44846d4383,Choose course option (ILT or on-demand),,"Credential path name: ""IT Service Management (ITSM) Fundamentals""",https://learning.servicenow.com/kb?id=kb_article_view&sysparm_article=KB0011560,2026-09-27
CIS-ITSM,course,ServiceNow ITSM Implementation,,blueprint: recommended; credential path: step 3 (Proceed with recommended specialization courses),https://learning.servicenow.com/lxp?id=learning_course_prev&course_id=76784803476461d05cbdaf44846d43fe,Choose course option (ILT or on-demand),,"Credential path name: ""IT Service Management (ITSM) Implementation""",https://learning.servicenow.com/kb?id=kb_article_view&sysparm_article=KB0011560,2026-09-27
CIS-ITSM,course,CSDM Fundamentals,,blueprint: additional resources,,,,No exact match in ServiceNow University catalog search; blueprint gives no link,https://learning.servicenow.com/kb?id=kb_article_view&sysparm_article=KB0011560,2026-09-27
CIS-ITSM,course,Knowledge Management Fundamentals,,blueprint: additional resources,,,,No exact match in ServiceNow University catalog search; blueprint gives no link,https://learning.servicenow.com/kb?id=kb_article_view&sysparm_article=KB0011560,2026-09-27
CIS-ITSM,course,Knowledge Management Implementation,,blueprint: additional resources,,,,No exact match in ServiceNow University catalog search; blueprint gives no link,https://learning.servicenow.com/kb?id=kb_article_view&sysparm_article=KB0011560,2026-09-27
CIS-ITSM,course,Major Incident Management Fundamentals,,blueprint: additional resources,https://learning.servicenow.com/lxp?id=learning_course_prev&course_id=6bf89a4947472a904f97dc84f16d4379,On-demand course,,"catalog title: ""Major Incident Management Fundamentals (Zurich)""; link found via catalog search, not in blueprint",https://learning.servicenow.com/kb?id=kb_article_view&sysparm_article=KB0011560,2026-09-27
CIS-ITSM,course,Major Incident Management Implementation,,blueprint: additional resources,https://learning.servicenow.com/lxp?id=learning_course_prev&course_id=a282856447e7ae10b21a62c9e16d43cb,On-demand course,,"catalog title: ""Major Incident Management Implementation (Zurich)""; link found via catalog search, not in blueprint",https://learning.servicenow.com/kb?id=kb_article_view&sysparm_article=KB0011560,2026-09-27
CIS-ITSM,course,Scripting in ServiceNow Fundamentals,,blueprint: additional resources,https://learning.servicenow.com/lxp?id=learning_course_prev&course_id=be18563893873a98f2d9bc686cba106e,On-demand course,,"3 catalog entries with this title (Instructor-led course, On-demand course); linked top search result; link found via catalog search, not in blueprint",https://learning.servicenow.com/kb?id=kb_article_view&sysparm_article=KB0011560,2026-09-27
CIS-ITSM,course,Employee Center Essentials,,blueprint: additional resources,https://learning.servicenow.com/lxp?id=learning_course_prev&course_id=76faa9259793ce50e4fb72de2153afd2,On-demand Course,3h 45m,link taken from CIS-HR credential path/blueprint,https://learning.servicenow.com/kb?id=kb_article_view&sysparm_article=KB0011560,2026-09-27
CIS-ITSM,course,ITSM Implementation Simulator,,blueprint: additional resources; credential path: step 4 (Take optional simulators for extra practice),https://learning.servicenow.com/lxp?id=learning_course_prev&course_id=50cc03df970ea554524eb3cf9153af43,On-demand Course,4h 25m,"Credential path name: ""IT Service Management (ITSM) Implementation Simulator""",https://learning.servicenow.com/kb?id=kb_article_view&sysparm_article=KB0011560,2026-09-27
CIS-ITSM,course,ITSM Fundamentals LabX,,credential path: step 4 (Take optional simulators for extra practice),https://learning.servicenow.com/lxp?id=learning_course_prev&course_id=9b4668b31b677ed05d2b0d00604bcb1f,On-demand Course,4h 23m,,https://learning.servicenow.com/lxp/en/pages/now-learning-get-certified?id=amap_detail&summary_id=79d64e311bfcf01002ed2f89bd4bcb51&achievement_id=6c8e1d77dbc27f40de3cdb85ca961970,2026-09-27
CIS-ITSM,course,Additional Recommended Courses for IT Service Management (ITSM) Implementers,,credential path: step 6 (Continue your ITSM learning journey),https://learning.servicenow.com/lxp?id=learning_path_prev&path_id=d040b418dbc5a0107aa13df339961984,Collection,4d 23h 16m,,https://learning.servicenow.com/lxp/en/pages/now-learning-get-certified?id=amap_detail&summary_id=79d64e311bfcf01002ed2f89bd4bcb51&achievement_id=6c8e1d77dbc27f40de3cdb85ca961970,2026-09-27
CIS-PA,spec,Exam blueprint,,,https://learning.servicenow.com/kb?id=kb_article_view&sysparm_article=KB0011497,,,KB0011497; blueprint says 'Updated August 2026',https://learning.servicenow.com/kb?id=kb_article_view&sysparm_article=KB0011497,2026-09-27
CIS-PA,credential-path,Credential path page,,,https://learning.servicenow.com/lxp/en/pages/now-learning-get-certified?id=amap_detail&summary_id=79d64e311bfcf01002ed2f89bd4bcb51&achievement_id=548ed977dbc27f40de3cdb85ca961983,,,"ServiceNow University ""Get Certified"" path",https://learning.servicenow.com/lxp/en/pages/now-learning-get-certified?id=amap_detail&summary_id=79d64e311bfcf01002ed2f89bd4bcb51&achievement_id=548ed977dbc27f40de3cdb85ca961983,2026-09-27
CIS-PA,domain,Architecture and Deployment,10%,,,,,List the Platform Analytics solution components; Define Deployment Tasks and Sequence; Identify Common Use Cases; Describe Personas and Stakeholders,https://learning.servicenow.com/kb?id=kb_article_view&sysparm_article=KB0011497,2026-09-27
CIS-PA,domain,Configure Indicators and Indicator Sources,25%,,,,,Configure Source Conditions and Facts Tables; Distinguish between Indicator Types; Define Indicator Configuration Properties; Create Aggregation Scripts,https://learning.servicenow.com/kb?id=kb_article_view&sysparm_article=KB0011497,2026-09-27
CIS-PA,domain,Configure Breakdowns and Breakdown Sources,25%,,,,,Configure Breakdown Sources; Perform Breakdown Mappings; Create Breakdown Matrix and apply Exclusions; Create Scripts for Scripted Breakdown Mapping; Configure Bucket Groups,https://learning.servicenow.com/kb?id=kb_article_view&sysparm_article=KB0011497,2026-09-27
CIS-PA,domain,Data Collection,10%,,,,,Define the Data Collection Process Flow; Configure Collection Configuration Properties; Fine-Tune and Troubleshoot Collection,https://learning.servicenow.com/kb?id=kb_article_view&sysparm_article=KB0011497,2026-09-27
CIS-PA,domain,Data Visualization and Dashboards,25%,,,,,Build Platform Analytics Visualizations; Configure and apply Unified Filters; Choose the Appropriate Visualization; Create Dashboards and Manage Access; Manage Dashboard Performance; Analyze data using KPI Details,https://learning.servicenow.com/kb?id=kb_article_view&sysparm_article=KB0011497,2026-09-27
CIS-PA,domain,Administration and Advanced Implementation Solutions,5%,,,,,Accelerate deployment with Content Packs; Leverage platform features advanced data collection scenarios.; Configure Spotlight,https://learning.servicenow.com/kb?id=kb_article_view&sysparm_article=KB0011497,2026-09-27
CIS-PA,doc,ServiceNow Product documentation site,,blueprint,https://docs.servicenow.com/en-US/,,,General docs site; blueprint says exam questions are based on the product documentation,https://learning.servicenow.com/kb?id=kb_article_view&sysparm_article=KB0011497,2026-09-27
CIS-PA,course,Platform Analytics (PA) Learning Path,,blueprint,https://learning.servicenow.com/lxp/en/now-intelligence/performance-analytics-pa-application-specialist?id=learning_path_prev&path_id=e02227a7db537304de3cdb85ca9619d0,Learning path,,,https://learning.servicenow.com/kb?id=kb_article_view&sysparm_article=KB0011497,2026-09-27
CIS-PA,other-resource,Platform Analytics Academy,,blueprint: additional resources,https://community.servicenow.com/community?id=community_article&sys_id=f2db3382db8220d06621d9d968961982,,,,https://learning.servicenow.com/kb?id=kb_article_view&sysparm_article=KB0011497,2026-09-27
CIS-PA,doc,Platform Analytics Documentation,,blueprint,https://docs.servicenow.com/csh?topicname=c_performanceAnalyticsAndReporting.html&version=latest,,,,https://learning.servicenow.com/kb?id=kb_article_view&sysparm_article=KB0011497,2026-09-27
CIS-PA,other-resource,Platform Analytics Community Forum,,blueprint: additional resources,https://community.servicenow.com/community?id=community_forum&sys_id=b5291a2ddbd897c068c1fb651f9619e2,,,,https://learning.servicenow.com/kb?id=kb_article_view&sysparm_article=KB0011497,2026-09-27
CIS-PA,exam,Certified Implementation Specialist - Platform Analytics (CIS-PA),,credential path: step 3,https://learning.servicenow.com/lxp?id=learning_course_prev&course_id=3bd5127d47b47210850ec705f16d43db,Exam : Pearson Vue,1h 30m,Exam registration page,https://learning.servicenow.com/lxp/en/pages/now-learning-get-certified?id=amap_detail&summary_id=79d64e311bfcf01002ed2f89bd4bcb51&achievement_id=548ed977dbc27f40de3cdb85ca961983,2026-09-27
CIS-PA,course,Welcome to ServiceNow,,blueprint: recommended; credential path: step 1 (Suggested pre-requisites),https://learning.servicenow.com/lxp?id=learning_course_prev&course_id=f1d1c0b1c33c82141ac0f60f050131cb,Choose course option (ILT or on-demand),,,https://learning.servicenow.com/kb?id=kb_article_view&sysparm_article=KB0011497,2026-09-27
CIS-PA,course,ServiceNow Administration Fundamentals,,blueprint: recommended; credential path: step 1 (Suggested pre-requisites),https://learning.servicenow.com/lxp?id=learning_course_prev&course_id=c4e1c0b1c33c82141ac0f60f050131d2,Choose course option (ILT or on-demand),,"Credential path name: ""ServiceNow Administration Fundamentals/CSA""",https://learning.servicenow.com/kb?id=kb_article_view&sysparm_article=KB0011497,2026-09-27
CIS-PA,course,Get Started with Now Create,,blueprint: recommended; credential path: step 1 (Suggested pre-requisites),https://learning.servicenow.com/lxp?id=learning_course_prev&course_id=f13a1e8ddb6890503e73166e139619a7,On-demand Course,48m,"Credential path name: ""Get Started with the Now Create Methodology""",https://learning.servicenow.com/kb?id=kb_article_view&sysparm_article=KB0011497,2026-09-27
CIS-PA,course,ServiceNow Platform Implementation,,blueprint: recommended; credential path: step 1 (Suggested pre-requisites),https://learning.servicenow.com/lxp?id=learning_course_prev&course_id=5677427f475fda545cbdaf44846d43d9,Choose course option (ILT or on-demand),,,https://learning.servicenow.com/kb?id=kb_article_view&sysparm_article=KB0011497,2026-09-27
CIS-PA,course,Platform Analytics Overview,,blueprint: recommended; credential path: step 2 (Proceed with recommended specialization courses),https://learning.servicenow.com/lxp?id=learning_course_prev&course_id=6de8640f1bff7414a774dce4bd4bcbc6,Choose course option (ILT or on-demand),,"Credential path name: ""Platform Analytics (PA) Overview""",https://learning.servicenow.com/kb?id=kb_article_view&sysparm_article=KB0011497,2026-09-27
CIS-PA,course,KPI Composer Overview,,blueprint: recommended,https://learning.servicenow.com/lxp?id=learning_course_prev&course_id=1f2469534722d6d03c6f6013e16d433c,On-demand course,,"2 catalog entries with this title (On-demand course); linked top search result; link found via catalog search, not in blueprint",https://learning.servicenow.com/kb?id=kb_article_view&sysparm_article=KB0011497,2026-09-27
CIS-PA,course,Platform Analytics Fundamentals,,blueprint: recommended; credential path: step 2 (Proceed with recommended specialization courses),https://learning.servicenow.com/lxp?id=learning_course_prev&course_id=743cf879472d6510abe089c2e36d4324,Choose course option (ILT or on-demand),,"Blueprint: ""Platform Analytics Fundamentals"" OR ""Platform Analytics Fundamentals (On-Demand)"" (either one); Credential path name: ""Platform Analytics (PA) Fundamentals""",https://learning.servicenow.com/kb?id=kb_article_view&sysparm_article=KB0011497,2026-09-27
CIS-PA,course,Platform Analytics Advanced,,blueprint: recommended; credential path: step 2 (Proceed with recommended specialization courses),https://learning.servicenow.com/lxp?id=learning_course_prev&course_id=094c7c79472d6510abe089c2e36d43b7,Choose course option (ILT or on-demand),,"Blueprint: ""Platform Analytics Advanced"" OR ""Platform Analytics Advanced (On-Demand)"" (either one); Credential path name: ""Platform Analytics (PA) Advanced""",https://learning.servicenow.com/kb?id=kb_article_view&sysparm_article=KB0011497,2026-09-27
CIS-PA,course,Get Started with Platform Analytics Dashboards,,blueprint: recommended,https://learning.servicenow.com/lxp?id=learning_course_prev&course_id=a437a2a347b7a214c2f2090fe16d435e,On-demand course,,"link found via catalog search, not in blueprint",https://learning.servicenow.com/kb?id=kb_article_view&sysparm_article=KB0011497,2026-09-27
CIS-PA,course,Get Started with Platform Analytics KPI Details,,blueprint: recommended,https://learning.servicenow.com/lxp?id=learning_course_prev&course_id=030fc6ef47ff6ed4db63fb25126d43f0,On-demand course,,"link found via catalog search, not in blueprint",https://learning.servicenow.com/kb?id=kb_article_view&sysparm_article=KB0011497,2026-09-27
CIS-PA,course,Get Started with Platform Analytics KPI Signals,,blueprint: recommended,https://learning.servicenow.com/lxp?id=learning_course_prev&course_id=b2132fb783bfaa140593bcffeeaad3b4,On-demand course,,"link found via catalog search, not in blueprint",https://learning.servicenow.com/kb?id=kb_article_view&sysparm_article=KB0011497,2026-09-27
CIS-PA,course,Micro-Certification - Platform Analytics,,credential path: step 2 (Proceed with recommended specialization courses),https://learning.servicenow.com/lxp?id=learning_course_prev&course_id=d7b91dd44749a61019dfe23c326d4335,Certification,,,https://learning.servicenow.com/lxp/en/pages/now-learning-get-certified?id=amap_detail&summary_id=79d64e311bfcf01002ed2f89bd4bcb51&achievement_id=548ed977dbc27f40de3cdb85ca961983,2026-09-27
CIS-PA,course,Formula Indicators Overview,,credential path: step 2 (Proceed with recommended specialization courses),https://learning.servicenow.com/lxp?id=learning_course_prev&course_id=11419783871cb1105aa9ca2d0ebb35b3,On-demand Course,3h,,https://learning.servicenow.com/lxp/en/pages/now-learning-get-certified?id=amap_detail&summary_id=79d64e311bfcf01002ed2f89bd4bcb51&achievement_id=548ed977dbc27f40de3cdb85ca961983,2026-09-27
CIS-PA,course,Platform Analytics (PA) Implementation Simulator,,credential path: step 2 (Proceed with recommended specialization courses),https://learning.servicenow.com/lxp?id=learning_course_prev&course_id=ac3690d847e0de542a090dcbd36d4303,On-demand Course,5h 40m,,https://learning.servicenow.com/lxp/en/pages/now-learning-get-certified?id=amap_detail&summary_id=79d64e311bfcf01002ed2f89bd4bcb51&achievement_id=548ed977dbc27f40de3cdb85ca961983,2026-09-27
CIS-RC,spec,Exam blueprint,,,https://learning.servicenow.com/kb?id=kb_article_view&sysparm_article=KB0011655,,,KB0011655; blueprint says 'Updated January 2026',https://learning.servicenow.com/kb?id=kb_article_view&sysparm_article=KB0011655,2026-09-27
CIS-RC,credential-path,Credential path page,,,https://learning.servicenow.com/lxp/en/pages/now-learning-get-certified?id=amap_detail&summary_id=79d64e311bfcf01002ed2f89bd4bcb51&achievement_id=d08ed977dbc27f40de3cdb85ca9619d7,,,"ServiceNow University ""Get Certified"" path",https://learning.servicenow.com/lxp/en/pages/now-learning-get-certified?id=amap_detail&summary_id=79d64e311bfcf01002ed2f89bd4bcb51&achievement_id=d08ed977dbc27f40de3cdb85ca9619d7,2026-09-27
CIS-RC,domain,GRC Overview,11.67%,,,,,GRC Positioning and Framework; Key Terminology; Technical Details,https://learning.servicenow.com/kb?id=kb_article_view&sysparm_article=KB0011655,2026-09-27
CIS-RC,domain,Implementation Planning,5%,,,,,"Use Cases; Implementation Team and Checklist; Risk and Compliance Personas, Groups and Roles",https://learning.servicenow.com/kb?id=kb_article_view&sysparm_article=KB0011655,2026-09-27
CIS-RC,domain,Entity Framework,20%,,,,,Entity Scoping Overview; Entity Type Approach; Entity Class Approach; Entity Architecture,https://learning.servicenow.com/kb?id=kb_article_view&sysparm_article=KB0011655,2026-09-27
CIS-RC,domain,Policy and Compliance,25%,,,,,Policy and Compliance Record Lifecycles; Policy and Compliance Architecture; Policy and Compliance Configuration; Compliance Supporting Processes,https://learning.servicenow.com/kb?id=kb_article_view&sysparm_article=KB0011655,2026-09-27
CIS-RC,domain,Risk and Advanced Risk,25%,,,,,Risk and Advanced Risk Record Lifecycles; Risk and Advanced Risk Architecture; Risk and Advanced Risk Configuration,https://learning.servicenow.com/kb?id=kb_article_view&sysparm_article=KB0011655,2026-09-27
CIS-RC,domain,Common Elements and Extended Capabilities,8.33%,,,,,Integrations; Content Packs; Other Platform Capabilities; Regulatory Change Management; Common Elements; Continuous Monitoring,https://learning.servicenow.com/kb?id=kb_article_view&sysparm_article=KB0011655,2026-09-27
CIS-RC,domain,Audit and Advanced Audit,5%,,,,,"Audit and Advanced Audit Lifecycles; Audit and Advanced Audit Architecture; Audit and Advanced Audit Personas, Groups, and Roles",https://learning.servicenow.com/kb?id=kb_article_view&sysparm_article=KB0011655,2026-09-27
CIS-RC,doc,ServiceNow Product documentation site,,blueprint,https://docs.servicenow.com/en-US/,,,General docs site; blueprint says exam questions are based on the product documentation,https://learning.servicenow.com/kb?id=kb_article_view&sysparm_article=KB0011655,2026-09-27
CIS-RC,doc,"Governance, Risk, and Compliance release notes",,blueprint,https://docs.servicenow.com/csh?topicname=grc-rn-landing.html&version=latest,,,,https://learning.servicenow.com/kb?id=kb_article_view&sysparm_article=KB0011655,2026-09-27
CIS-RC,exam,Certified Implementation Specialist - Risk and Compliance (CIS-RC),,credential path: step 3,https://learning.servicenow.com/lxp?id=learning_course_prev&course_id=07e61a3d47b47210850ec705f16d43e2,Exam : Pearson Vue,1h 30m,Exam registration page,https://learning.servicenow.com/lxp/en/pages/now-learning-get-certified?id=amap_detail&summary_id=79d64e311bfcf01002ed2f89bd4bcb51&achievement_id=d08ed977dbc27f40de3cdb85ca9619d7,2026-09-27
CIS-RC,course,Welcome to ServiceNow,,blueprint: recommended; credential path: step 1 (Suggested pre-requisites),https://learning.servicenow.com/lxp?id=learning_course_prev&course_id=b779848b87fa59546a0bedbd0ebb359c,Choose course option (ILT or on-demand),,,https://learning.servicenow.com/kb?id=kb_article_view&sysparm_article=KB0011655,2026-09-27
CIS-RC,course,ServiceNow Administration Fundamentals,,blueprint: recommended; credential path: step 1 (Suggested pre-requisites),https://learning.servicenow.com/lxp?id=learning_course_prev&course_id=a709165c87f9a19071a687f7dabb35db,Choose course option (ILT or on-demand),,"Credential path name: ""ServiceNow Administration Fundamentals/CSA""",https://learning.servicenow.com/kb?id=kb_article_view&sysparm_article=KB0011655,2026-09-27
CIS-RC,course,UI Builder Essentials,,blueprint: recommended,,,,No exact match in ServiceNow University catalog search; blueprint gives no link,https://learning.servicenow.com/kb?id=kb_article_view&sysparm_article=KB0011655,2026-09-27
CIS-RC,course,Flow Designer Essentials,,blueprint: recommended,,,,No exact match in ServiceNow University catalog search; blueprint gives no link,https://learning.servicenow.com/kb?id=kb_article_view&sysparm_article=KB0011655,2026-09-27
CIS-RC,course,Get Started with Now Create,,blueprint: recommended; credential path: step 1 (Suggested pre-requisites),https://learning.servicenow.com/lxp?id=learning_course_prev&course_id=f13a1e8ddb6890503e73166e139619a7,On-demand Course,48m,"Credential path name: ""Get Started with the Now Create Methodology""",https://learning.servicenow.com/kb?id=kb_article_view&sysparm_article=KB0011655,2026-09-27
CIS-RC,course,ServiceNow Platform Implementation,,blueprint: recommended; credential path: step 1 (Suggested pre-requisites),https://learning.servicenow.com/lxp?id=learning_course_prev&course_id=1c79da9c87f9a19071a687f7dabb3586,Choose course option (ILT or on-demand),,,https://learning.servicenow.com/kb?id=kb_article_view&sysparm_article=KB0011655,2026-09-27
CIS-RC,course,CMDB Fundamentals,,blueprint: recommended,https://learning.servicenow.com/lxp?id=learning_course_prev&course_id=2ad9219297d24f10f6913ce0f053afbb,On-demand course,,"catalog title: ""Configuration Management Database (CMDB) Fundamentals""; 2 catalog entries with this title (Instructor-led course, On-demand course); linked top search result; link found via catalog search, not in blueprint",https://learning.servicenow.com/kb?id=kb_article_view&sysparm_article=KB0011655,2026-09-27
CIS-RC,course,GRC: Integrated Risk Management (IRM) Fundamentals,,blueprint: recommended; credential path: step 2 (Proceed with recommended specialization courses),https://learning.servicenow.com/lxp?id=learning_course_prev&course_id=bf09ab9d470b4ed05cbdaf44846d432a,Choose course option (ILT or on-demand),,,https://learning.servicenow.com/kb?id=kb_article_view&sysparm_article=KB0011655,2026-09-27
CIS-RC,course,GRC: Integrated Risk Management (IRM) Implementation,,blueprint: recommended; credential path: step 2 (Proceed with recommended specialization courses),https://learning.servicenow.com/lxp?id=learning_course_prev&course_id=72a95adc87f9a19071a687f7dabb3520,Choose course option (ILT or on-demand),,,https://learning.servicenow.com/kb?id=kb_article_view&sysparm_article=KB0011655,2026-09-27
CIS-RC,course,GRC: Classic Risk Assessment Fundamentals,,blueprint: recommended; credential path: step 2 (Proceed with recommended specialization courses),https://learning.servicenow.com/lxp?id=learning_course_prev&course_id=28e245c91b4a38d0b9a2cae3604bcbd2,On-demand Course,48m,,https://learning.servicenow.com/kb?id=kb_article_view&sysparm_article=KB0011655,2026-09-27
CIS-RC,course,GRC: Audit Management Essentials,,blueprint: recommended; credential path: step 2 (Proceed with recommended specialization courses),https://learning.servicenow.com/lxp?id=learning_course_prev&course_id=e34ce31047af029050593369126d438d,Choose course option (ILT or on-demand),,,https://learning.servicenow.com/kb?id=kb_article_view&sysparm_article=KB0011655,2026-09-27
CIS-RC,course,GRC: Regulatory Change Management Essentials,,blueprint: recommended; credential path: step 2 (Proceed with recommended specialization courses),https://learning.servicenow.com/lxp?id=learning_course_prev&course_id=05602a724777cad490542034846d43b9,On-demand Course,1h 50m,"Credential path name: ""GRC: Regulatory Change Management (RCM) Essentials""",https://learning.servicenow.com/kb?id=kb_article_view&sysparm_article=KB0011655,2026-09-27
CIS-RC,course,GRC: Integrated Risk Management (IRM) Simulator,,blueprint: recommended; credential path: step 2 (Proceed with recommended specialization courses),https://learning.servicenow.com/lxp?id=learning_course_prev&course_id=2f020e8993fc1e5056aeb94c5cba103f,Choose course option (ILT or on-demand),,,https://learning.servicenow.com/kb?id=kb_article_view&sysparm_article=KB0011655,2026-09-27
CIS-RC,course,UI Builder Fundamentals,,credential path: step 1 (Suggested pre-requisites),https://learning.servicenow.com/lxp?id=learning_course_prev&course_id=ef19da5c87f9a19071a687f7dabb353c,Choose course option (ILT or on-demand),,,https://learning.servicenow.com/lxp/en/pages/now-learning-get-certified?id=amap_detail&summary_id=79d64e311bfcf01002ed2f89bd4bcb51&achievement_id=d08ed977dbc27f40de3cdb85ca9619d7,2026-09-27
CIS-RC,course,Flow Fundamentals,,credential path: step 1 (Suggested pre-requisites),https://learning.servicenow.com/lxp?id=learning_path_prev&path_id=193b8e6c87acf450ed3b74c9cebb3554,Path,8h 8m,,https://learning.servicenow.com/lxp/en/pages/now-learning-get-certified?id=amap_detail&summary_id=79d64e311bfcf01002ed2f89bd4bcb51&achievement_id=d08ed977dbc27f40de3cdb85ca9619d7,2026-09-27
CIS-SAM,spec,Exam blueprint,,,https://learning.servicenow.com/kb?id=kb_article_view&sysparm_article=KB0011570,,,KB0011570; blueprint says 'Updated January 2026',https://learning.servicenow.com/kb?id=kb_article_view&sysparm_article=KB0011570,2026-09-27
CIS-SAM,credential-path,Credential path page,,,https://learning.servicenow.com/lxp/en/pages/now-learning-get-certified?id=amap_detail&summary_id=79d64e311bfcf01002ed2f89bd4bcb51&achievement_id=1c8ed977dbc27f40de3cdb85ca9619d4,,,"ServiceNow University ""Get Certified"" path",https://learning.servicenow.com/lxp/en/pages/now-learning-get-certified?id=amap_detail&summary_id=79d64e311bfcf01002ed2f89bd4bcb51&achievement_id=1c8ed977dbc27f40de3cdb85ca9619d4,2026-09-27
CIS-SAM,prerequisite-certification,Certified Implementation Specialist – Data Foundations (CMDB and CSDM),,blueprint: Exam Prerequisites; credential path: step 2 (Complete the recommended Data Foundations training and earn the required certification),,,,Must hold before registering for this exam,https://learning.servicenow.com/kb?id=kb_article_view&sysparm_article=KB0011570,2026-09-27
CIS-SAM,domain,Software Asset Core Overview & Fundamentals,14%,,,,,Software Asset Management Basics; Process Architecture; Application introduction and Recommendation Practices,https://learning.servicenow.com/kb?id=kb_article_view&sysparm_article=KB0011570,2026-09-27
CIS-SAM,domain,Data Integrity – Attributes and Sources for the Data,28%,,,,,Importing Data; Software Discovery and Normalization; Content Services,https://learning.servicenow.com/kb?id=kb_article_view&sysparm_article=KB0011570,2026-09-27
CIS-SAM,domain,Practical Management of Software Compliance,30%,,,,,"Products and Models; License Metrics, Entitlements and Allocations; Software Reconciliation",https://learning.servicenow.com/kb?id=kb_article_view&sysparm_article=KB0011570,2026-09-27
CIS-SAM,domain,Operational Integration of Software Processes,13%,,,,,Contract and Change Management; Service Catalog and Procurement; Software Remediation,https://learning.servicenow.com/kb?id=kb_article_view&sysparm_article=KB0011570,2026-09-27
CIS-SAM,domain,Extending SAM,15%,,,,,"Software Model Lifecycle and Retirement; Software Installation Optimization; Reporting, Implementation and Maintenance",https://learning.servicenow.com/kb?id=kb_article_view&sysparm_article=KB0011570,2026-09-27
CIS-SAM,doc,ServiceNow Product documentation site,,blueprint,https://docs.servicenow.com/en-US/,,,General docs site; blueprint says exam questions are based on the product documentation,https://learning.servicenow.com/kb?id=kb_article_view&sysparm_article=KB0011570,2026-09-27
CIS-SAM,exam,Certified Implementation Specialist - Software Asset Management (CIS-SAM),,credential path: step 4,https://learning.servicenow.com/lxp?id=learning_course_prev&course_id=9d63ef8247f8b21019dfe23c326d43e7,Exam : Pearson Vue,1h 30m,Exam registration page,https://learning.servicenow.com/lxp/en/pages/now-learning-get-certified?id=amap_detail&summary_id=79d64e311bfcf01002ed2f89bd4bcb51&achievement_id=1c8ed977dbc27f40de3cdb85ca9619d4,2026-09-27
CIS-SAM,course,Welcome to ServiceNow,,blueprint: recommended; credential path: step 1 (Suggested pre-requisites),https://learning.servicenow.com/lxp?id=learning_course_prev&course_id=df0bccc7873e59546a0bedbd0ebb35b1,Choose course option (ILT or on-demand),,,https://learning.servicenow.com/kb?id=kb_article_view&sysparm_article=KB0011570,2026-09-27
CIS-SAM,course,ServiceNow Administration Fundamentals,,blueprint: recommended; credential path: step 1 (Suggested pre-requisites),https://learning.servicenow.com/lxp?id=learning_course_prev&course_id=f946347487f52d90f2f443f7dabb35f7,Choose course option (ILT or on-demand),,"Credential path name: ""ServiceNow Administration Fundamentals/CSA""",https://learning.servicenow.com/kb?id=kb_article_view&sysparm_article=KB0011570,2026-09-27
CIS-SAM,course,Get Started with Now Create,,blueprint: recommended; credential path: step 1 (Suggested pre-requisites),https://learning.servicenow.com/lxp?id=learning_course_prev&course_id=f13a1e8ddb6890503e73166e139619a7,On-demand Course,48m,"Credential path name: ""Get Started with the Now Create Methodology""",https://learning.servicenow.com/kb?id=kb_article_view&sysparm_article=KB0011570,2026-09-27
CIS-SAM,course,ServiceNow Platform Implementation,,blueprint: recommended; credential path: step 1 (Suggested pre-requisites),https://learning.servicenow.com/lxp?id=learning_course_prev&course_id=fd96387487f52d90f2f443f7dabb3529,Choose course option (ILT or on-demand),,,https://learning.servicenow.com/kb?id=kb_article_view&sysparm_article=KB0011570,2026-09-27
CIS-SAM,course,Software Asset Management (SAM) Professional Fundamentals,,blueprint: recommended; credential path: step 3 (Proceed with recommended specialization courses),https://learning.servicenow.com/lxp?id=learning_course_prev&course_id=fcb6787487f52d90f2f443f7dabb35a2,Choose course option (ILT or on-demand),,"Blueprint: ""Software Asset Management (SAM) Professional Fundamentals"" OR ""Software Asset Management (SAM) Professional Fundamentals On Demand"" (either one)",https://learning.servicenow.com/kb?id=kb_article_view&sysparm_article=KB0011570,2026-09-27
CIS-SAM,course,Software Asset Management (SAM) Simulator,,blueprint: additional resources,https://learning.servicenow.com/lxp?id=learning_course_prev&course_id=1f10801e970eee505b0b7ec11153afb9,On-demand course,,"2 catalog entries with this title (On-demand course); linked top search result; link found via catalog search, not in blueprint",https://learning.servicenow.com/kb?id=kb_article_view&sysparm_article=KB0011570,2026-09-27
CIS-SAM,course,Additional Recommended Courses for Software Asset Management (SAM) Implementers,,blueprint: additional resources,https://learning.servicenow.com/lxp?id=learning_path_prev&path_id=d0386c9cdb85a0107aa13df33996197a,Collection,,"link found via catalog search, not in blueprint",https://learning.servicenow.com/kb?id=kb_article_view&sysparm_article=KB0011570,2026-09-27
CIS-SIR,spec,Exam blueprint,,,https://learning.servicenow.com/kb?id=kb_article_view&sysparm_article=KB0011559,,,KB0011559; blueprint says 'Updated January 2026',https://learning.servicenow.com/kb?id=kb_article_view&sysparm_article=KB0011559,2026-09-27
CIS-SIR,credential-path,Credential path page,,,https://learning.servicenow.com/lxp/en/pages/now-learning-get-certified?id=amap_detail&summary_id=79d64e311bfcf01002ed2f89bd4bcb51&achievement_id=908e1d77dbc27f40de3cdb85ca961929,,,"ServiceNow University ""Get Certified"" path",https://learning.servicenow.com/lxp/en/pages/now-learning-get-certified?id=amap_detail&summary_id=79d64e311bfcf01002ed2f89bd4bcb51&achievement_id=908e1d77dbc27f40de3cdb85ca961929,2026-09-27
CIS-SIR,prerequisite-certification,Certified Implementation Specialist – Data Foundations (CMDB and CSDM),,blueprint: Exam Prerequisites; credential path: step 2 (Complete the recommended Data Foundations training and earn the required certification),,,,Must hold before registering for this exam,https://learning.servicenow.com/kb?id=kb_article_view&sysparm_article=KB0011559,2026-09-27
CIS-SIR,domain,Security Incident Response Overview and Data Visualization,15%,,,,,Introducing Security Incident Response; Data Visualization; Security Incident Response - Components,https://learning.servicenow.com/kb?id=kb_article_view&sysparm_article=KB0011559,2026-09-27
CIS-SIR,domain,Security Incident Creation and Threat Intelligence,14%,,,,,Explore How to Create Security Incidents; Major Security Incident Management; Understanding Threat Intelligence; MITRE ATT&CK Framework,https://learning.servicenow.com/kb?id=kb_article_view&sysparm_article=KB0011559,2026-09-27
CIS-SIR,domain,Security Incident and Threat Intelligence Integrations,14%,,,,,ServiceNow Store and Share; Managing Pre-Built Integrations; Creating Custom Integrations; Threat Intelligence Service Center,https://learning.servicenow.com/kb?id=kb_article_view&sysparm_article=KB0011559,2026-09-27
CIS-SIR,domain,Security Incident Response Management,15%,,,,,Security Incident Response Workspace; Standard Automated Assignment Options and Escalation Paths; Security Tags; Process Definitions and Selection,https://learning.servicenow.com/kb?id=kb_article_view&sysparm_article=KB0011559,2026-09-27
CIS-SIR,domain,Risk Calculations and Post Incident Response,12%,,,,,Security Incident Calculator Groups and Risk Scores; Post Incident Reviews; Event Management,https://learning.servicenow.com/kb?id=kb_article_view&sysparm_article=KB0011559,2026-09-27
CIS-SIR,domain,Automation and Standard Processes,30%,,,,,Automate Security Incident Response Overview; Security Incident Process Automation Using Playbooks and Runbooks; User Reported Phishing,https://learning.servicenow.com/kb?id=kb_article_view&sysparm_article=KB0011559,2026-09-27
CIS-SIR,doc,ServiceNow Security Incident Response - ServiceNow Docs,,blueprint,https://docs.servicenow.com/bundle/xanadu-security-management/page/product/security-incident-response/reference/sir-landing-page.html,,,Link as published points at the Xanadu release docs,https://learning.servicenow.com/kb?id=kb_article_view&sysparm_article=KB0011559,2026-09-27
CIS-SIR,doc,Zurich Security Operations Documentation,,blueprint,https://www.servicenow.com/docs/csh?topicname=security-operations-landing-page.html&version=latest,,,,https://learning.servicenow.com/kb?id=kb_article_view&sysparm_article=KB0011559,2026-09-27
CIS-SIR,doc,Zurich Security Incident Response Documentation,,blueprint,https://www.servicenow.com/docs/csh?topicname=sir-landing-page.html&version=latest,,,,https://learning.servicenow.com/kb?id=kb_article_view&sysparm_article=KB0011559,2026-09-27
CIS-SIR,other-resource,Security Operations Community Forum,,blueprint: additional resources,https://community.servicenow.com/community?id=community_forum&sys_id=be299a2ddbd897c068c1fb651f9619bb,,,,https://learning.servicenow.com/kb?id=kb_article_view&sysparm_article=KB0011559,2026-09-27
CIS-SIR,exam,Certified Implementation Specialist - Security Incident Response (CIS-SIR),,credential path: step 4,https://learning.servicenow.com/lxp?id=learning_course_prev&course_id=5a14ebc247f8b21019dfe23c326d43bf,Exam : Pearson Vue,1h 30m,Exam registration page,https://learning.servicenow.com/lxp/en/pages/now-learning-get-certified?id=amap_detail&summary_id=79d64e311bfcf01002ed2f89bd4bcb51&achievement_id=908e1d77dbc27f40de3cdb85ca961929,2026-09-27
CIS-SIR,course,Welcome to ServiceNow,,blueprint: recommended; credential path: step 1 (Suggested pre-requisites),https://learning.servicenow.com/lxp?id=learning_course_prev&course_id=abc9400f87fa59546a0bedbd0ebb35d7,Choose course option (ILT or on-demand),,,https://learning.servicenow.com/kb?id=kb_article_view&sysparm_article=KB0011559,2026-09-27
CIS-SIR,course,ServiceNow Administration Fundamentals,,blueprint: recommended; credential path: step 1 (Suggested pre-requisites),https://learning.servicenow.com/lxp?id=learning_course_prev&course_id=6e7c1a9c873da19071a687f7dabb3566,Choose course option (ILT or on-demand),,"Credential path name: ""ServiceNow Administration Fundamentals/CSA""",https://learning.servicenow.com/kb?id=kb_article_view&sysparm_article=KB0011559,2026-09-27
CIS-SIR,course,ServiceNow Platform Implementation,,blueprint: recommended; credential path: step 1 (Suggested pre-requisites),https://learning.servicenow.com/lxp?id=learning_course_prev&course_id=369cd6dc873da19071a687f7dabb3553,Choose course option (ILT or on-demand),,,https://learning.servicenow.com/kb?id=kb_article_view&sysparm_article=KB0011559,2026-09-27
CIS-SIR,course,Automated Test Framework Fundamentals,,blueprint: recommended,,,,No exact match in ServiceNow University catalog search; blueprint gives no link,https://learning.servicenow.com/kb?id=kb_article_view&sysparm_article=KB0011559,2026-09-27
CIS-SIR,course,Workflow Studio Fundamentals,,blueprint: recommended,https://learning.servicenow.com/lxp?id=learning_course_prev&course_id=11f64932933c43105402393d6cba10c8,On-demand course,,"catalog title: ""Workflow Studio Fundamentals (Australia)""; link found via catalog search, not in blueprint",https://learning.servicenow.com/kb?id=kb_article_view&sysparm_article=KB0011559,2026-09-27
CIS-SIR,course,Flow Designer Fundamentals,,blueprint: recommended,,,,No exact match in ServiceNow University catalog search; blueprint gives no link,https://learning.servicenow.com/kb?id=kb_article_view&sysparm_article=KB0011559,2026-09-27
CIS-SIR,course,IntegrationHub Fundamentals,,blueprint: recommended,https://learning.servicenow.com/lxp?id=learning_path_prev&path_id=329ac7201bbafcd4a5e699b1b24bcbef,Learning path,,"catalog title: ""Integration Hub Fundamentals""; link found via catalog search, not in blueprint",https://learning.servicenow.com/kb?id=kb_article_view&sysparm_article=KB0011559,2026-09-27
CIS-SIR,course,Mobile Development Essentials,,blueprint: recommended,https://learning.servicenow.com/lxp?id=learning_path_prev&path_id=e25947801b828510998555fa234bcb01,Learning path,,"link found via catalog search, not in blueprint",https://learning.servicenow.com/kb?id=kb_article_view&sysparm_article=KB0011559,2026-09-27
CIS-SIR,course,Service Portal Fundamentals,,blueprint: recommended,https://learning.servicenow.com/lxp?id=learning_course_prev&course_id=c28b427997f903902192b37de053af72,On-demand course,,"catalog title: ""Service Portal Fundamentals (Australia)""; 2 catalog entries with this title (Instructor-led course, On-demand course); linked top search result; link found via catalog search, not in blueprint",https://learning.servicenow.com/kb?id=kb_article_view&sysparm_article=KB0011559,2026-09-27
CIS-SIR,course,Common Service Data Model Fundamentals,,blueprint: recommended,,,,No exact match in ServiceNow University catalog search; blueprint gives no link,https://learning.servicenow.com/kb?id=kb_article_view&sysparm_article=KB0011559,2026-09-27
CIS-SIR,course,Configuration Management Database Fundamentals,,blueprint: recommended,https://learning.servicenow.com/lxp?id=learning_course_prev&course_id=2ad9219297d24f10f6913ce0f053afbb,On-demand course,,"catalog title: ""Configuration Management Database (CMDB) Fundamentals""; 2 catalog entries with this title (Instructor-led course, On-demand course); linked top search result; link found via catalog search, not in blueprint",https://learning.servicenow.com/kb?id=kb_article_view&sysparm_article=KB0011559,2026-09-27
CIS-SIR,course,Now Experience UI Builder Fundamentals,,blueprint: recommended,,,,No exact match in ServiceNow University catalog search; blueprint gives no link,https://learning.servicenow.com/kb?id=kb_article_view&sysparm_article=KB0011559,2026-09-27
CIS-SIR,course,Configuration Compliance Essentials,,blueprint: recommended,https://learning.servicenow.com/lxp?id=learning_course_prev&course_id=6e81b91f87142214cfa68519dabb35b4,On-demand course,,"link found via catalog search, not in blueprint",https://learning.servicenow.com/kb?id=kb_article_view&sysparm_article=KB0011559,2026-09-27
CIS-SIR,course,What’s New in the Store for Security Operations,,blueprint: recommended,,,,No exact match in ServiceNow University catalog search; blueprint gives no link,https://learning.servicenow.com/kb?id=kb_article_view&sysparm_article=KB0011559,2026-09-27
CIS-SIR,course,Now Assist for SIR Bootcamp,,blueprint: recommended,,,,No exact match in ServiceNow University catalog search; blueprint gives no link,https://learning.servicenow.com/kb?id=kb_article_view&sysparm_article=KB0011559,2026-09-27
CIS-SIR,course,Security Operations Fundamentals,,blueprint: recommended; credential path: step 3 (Proceed with recommended specialization courses),https://learning.servicenow.com/lxp?id=learning_course_prev&course_id=40dcda10877da19071a687f7dabb35e8,Choose course option (ILT or on-demand),,"Credential path name: ""Security Operations (SecOps) Fundamentals""",https://learning.servicenow.com/kb?id=kb_article_view&sysparm_article=KB0011559,2026-09-27
CIS-SIR,course,Security Incident Response Implementation,,blueprint: recommended; credential path: step 3 (Proceed with recommended specialization courses),https://learning.servicenow.com/lxp?id=learning_course_prev&course_id=11ec1250877da19071a687f7dabb3519,Choose course option (ILT or on-demand),,"Credential path name: ""Security Incident Response (SIR) Implementation""",https://learning.servicenow.com/kb?id=kb_article_view&sysparm_article=KB0011559,2026-09-27
CIS-SIR,course,Get Started with the Now Create Methodology,,credential path: step 1 (Suggested pre-requisites),https://learning.servicenow.com/lxp?id=learning_course_prev&course_id=f13a1e8ddb6890503e73166e139619a7,On-demand Course,48m,,https://learning.servicenow.com/lxp/en/pages/now-learning-get-certified?id=amap_detail&summary_id=79d64e311bfcf01002ed2f89bd4bcb51&achievement_id=908e1d77dbc27f40de3cdb85ca961929,2026-09-27
CIS-SM,spec,Exam blueprint,,,https://learning.servicenow.com/kb?id=kb_article_view&sysparm_article=KB0011558,,,KB0011558; blueprint says 'Updated November 2025',https://learning.servicenow.com/kb?id=kb_article_view&sysparm_article=KB0011558,2026-09-27
CIS-SM,credential-path,Credential path page,,,https://learning.servicenow.com/lxp/en/pages/now-learning-get-certified?id=amap_detail&summary_id=79d64e311bfcf01002ed2f89bd4bcb51&achievement_id=d88e1d77dbc27f40de3cdb85ca961926,,,"ServiceNow University ""Get Certified"" path",https://learning.servicenow.com/lxp/en/pages/now-learning-get-certified?id=amap_detail&summary_id=79d64e311bfcf01002ed2f89bd4bcb51&achievement_id=d88e1d77dbc27f40de3cdb85ca961926,2026-09-27
CIS-SM,prerequisite-certification,Certified Implementation Specialist – Data Foundations (CMDB and CSDM),,blueprint: Exam Prerequisites; credential path: step 2 (Complete the recommended Data Foundations training and earn the required certification),,,,Must hold before registering for this exam,https://learning.servicenow.com/kb?id=kb_article_view&sysparm_article=KB0011558,2026-09-27
CIS-SM,domain,Service Mapping Pattern Design,30%,,,,,"Pattern Designer (Debug, Steps, Temp variables, Command Line Console); Operations (Match, Parse variable, Parse file, Parsing strategies); Scripting (WMI, SSH, Regex, Command Line, SNMP); Application Identification and Connection Sections (Patterns, Identification and Connection Sections, Troubleshooting)",https://learning.servicenow.com/kb?id=kb_article_view&sysparm_article=KB0011558,2026-09-27
CIS-SM,domain,Service Mapping Configuration,20%,,,,,"Setup and Configuration (Configuration files, Tuning, Applications, IP ranges, MID Servers, Icons); Service Configuration (Entry points, CI Types, Credentials, Service Maps, Schedules, Service Groups, Technical Services, Service creation); Service Mapping Process Flow (Process flow, Troubleshooting, Discovery Log)",https://learning.servicenow.com/kb?id=kb_article_view&sysparm_article=KB0011558,2026-09-27
CIS-SM,domain,Discovery Configuration,15%,,,,,"Discovery Setup and Config (Behaviors, Clusters, IP Services, Schedules, MID Servers); Discovery Process Flow (PCIE Phases, ECC Queue, Status, Discovered Device); Discovery Troubleshooting (Discovery Errors, Authentication Errors, Duplicates, Credentials)",https://learning.servicenow.com/kb?id=kb_article_view&sysparm_article=KB0011558,2026-09-27
CIS-SM,domain,Machine Learning,10%,,,,,"Service Mapping Methods (Guidance on Service Mapping Methods); ML Powered Mapping (Service Mapping Workspace, Implementation, Mapping Service Candidates)",https://learning.servicenow.com/kb?id=kb_article_view&sysparm_article=KB0011558,2026-09-27
CIS-SM,domain,Configuration Management Database,15%,,,,,"CI Class Management (CMDB Health Dashboard, CI Class Manager, CMDB Tables, Reclassification, CMDB Relationships); CMDB Identification and Reconciliation (Identification Rules, Reconciliation Rules, Datasource Precedence Rules, CMDB De-duplication Tasks)",https://learning.servicenow.com/kb?id=kb_article_view&sysparm_article=KB0011558,2026-09-27
CIS-SM,domain,Service Mapping Engagement Readiness,10%,,,,,"Scoping (Service definition, Shared services, Licensing, Supported Applications); Planning (Implementation Skill Sets, MID Server Requirements, Implementation Requirements, Security Requirements); Operationalizing IT (Measurable KPI improvements, Service Mapping Benefits, Service Mapping Use Cases)",https://learning.servicenow.com/kb?id=kb_article_view&sysparm_article=KB0011558,2026-09-27
CIS-SM,doc,ServiceNow Product documentation site,,blueprint,https://docs.servicenow.com/en-US/,,,General docs site; blueprint says exam questions are based on the product documentation,https://learning.servicenow.com/kb?id=kb_article_view&sysparm_article=KB0011558,2026-09-27
CIS-SM,exam,Certified Implementation Specialist - Service Mapping (CIS-SM),,credential path: step 4,https://learning.servicenow.com/lxp?id=learning_course_prev&course_id=16b4ab0647f8b21019dfe23c326d4302,Exam : Pearson Vue,1h 30m,Exam registration page,https://learning.servicenow.com/lxp/en/pages/now-learning-get-certified?id=amap_detail&summary_id=79d64e311bfcf01002ed2f89bd4bcb51&achievement_id=d88e1d77dbc27f40de3cdb85ca961926,2026-09-27
CIS-SM,course,Welcome to ServiceNow,,blueprint: recommended; credential path: step 1 (Suggested pre-requisites),https://learning.servicenow.com/lxp?id=learning_course_prev&course_id=261ac44f87fa59546a0bedbd0ebb35a3,Choose course option (ILT or on-demand),,,https://learning.servicenow.com/kb?id=kb_article_view&sysparm_article=KB0011558,2026-09-27
CIS-SM,course,ServiceNow Administration Fundamentals,,blueprint: recommended; credential path: step 1 (Suggested pre-requisites),https://learning.servicenow.com/lxp?id=learning_course_prev&course_id=9d83cc7c87fde990f2f443f7dabb3537,Choose course option (ILT or on-demand),,"Credential path name: ""ServiceNow Administration Fundamentals/CSA""",https://learning.servicenow.com/kb?id=kb_article_view&sysparm_article=KB0011558,2026-09-27
CIS-SM,course,ServiceNow Platform Implementation,,blueprint: recommended; credential path: step 1 (Suggested pre-requisites),https://learning.servicenow.com/lxp?id=learning_course_prev&course_id=27bac07487712d90f2f443f7dabb3538,Choose course option (ILT or on-demand),,,https://learning.servicenow.com/kb?id=kb_article_view&sysparm_article=KB0011558,2026-09-27
CIS-SM,course,Get Started with Now Create,,blueprint: recommended; credential path: step 1 (Suggested pre-requisites),https://learning.servicenow.com/lxp?id=learning_course_prev&course_id=f13a1e8ddb6890503e73166e139619a7,On-demand Course,48m,"Credential path name: ""Get Started with the Now Create Methodology""",https://learning.servicenow.com/kb?id=kb_article_view&sysparm_article=KB0011558,2026-09-27
CIS-SM,course,ITOM Overview,,blueprint: recommended; credential path: step 1 (Suggested pre-requisites),https://learning.servicenow.com/lxp?id=learning_course_prev&course_id=e50285ec1bfac5509098c8ca234bcbad,On-demand Course,15m,"Credential path name: ""IT Operations Management (ITOM) Overview""",https://learning.servicenow.com/kb?id=kb_article_view&sysparm_article=KB0011558,2026-09-27
CIS-SM,course,Service Mapping Fundamentals,,blueprint: recommended; credential path: step 3 (Proceed with recommended specialization courses),https://learning.servicenow.com/lxp?id=learning_course_prev&course_id=5ceac87487712d90f2f443f7dabb3584,Choose course option (ILT or on-demand),,,https://learning.servicenow.com/kb?id=kb_article_view&sysparm_article=KB0011558,2026-09-27
CIS-SM,course,Service Mapping Advanced,,blueprint: recommended; credential path: step 3 (Proceed with recommended specialization courses),https://learning.servicenow.com/lxp?id=learning_course_prev&course_id=bbea4c7487712d90f2f443f7dabb35e5,Choose course option (ILT or on-demand),,,https://learning.servicenow.com/kb?id=kb_article_view&sysparm_article=KB0011558,2026-09-27
CIS-SM,course,Service Mapping Extras,,blueprint: recommended,https://learning.servicenow.com/lxp?id=learning_course_prev&course_id=293e0527477d19505cbdaf44846d4383,On-demand course,,"link found via catalog search, not in blueprint",https://learning.servicenow.com/kb?id=kb_article_view&sysparm_article=KB0011558,2026-09-27
CIS-SM,course,Common Service Data Model (CSDM) Fundamentals,,blueprint: additional resources,,,,No exact match in ServiceNow University catalog search; blueprint gives no link,https://learning.servicenow.com/kb?id=kb_article_view&sysparm_article=KB0011558,2026-09-27
CIS-SM,course,Configuration Management Database (CDMB) Fundamentals,,blueprint: additional resources,https://learning.servicenow.com/lxp?id=learning_course_prev&course_id=2ad9219297d24f10f6913ce0f053afbb,On-demand course,,"catalog title: ""Configuration Management Database (CMDB) Fundamentals""; 2 catalog entries with this title (Instructor-led course, On-demand course); linked top search result; link found via catalog search, not in blueprint",https://learning.servicenow.com/kb?id=kb_article_view&sysparm_article=KB0011558,2026-09-27
CIS-SM,course,MID Server Fundamentals,,blueprint: additional resources,https://learning.servicenow.com/lxp?id=learning_course_prev&course_id=f7a9d613875ac7d052417445dabb35ee,On-demand course,,"link found via catalog search, not in blueprint",https://learning.servicenow.com/kb?id=kb_article_view&sysparm_article=KB0011558,2026-09-27
CIS-SM,course,Discovery Fundamentals,,blueprint: additional resources,https://learning.servicenow.com/lxp?id=learning_course_prev&course_id=dffedf65c33b2690e5533b877d01310c,On-demand course,,"2 catalog entries with this title (Instructor-led course, On-demand course); linked top search result; link found via catalog search, not in blueprint",https://learning.servicenow.com/kb?id=kb_article_view&sysparm_article=KB0011558,2026-09-27
CIS-SM,course,Event Management Fundamentals,,blueprint: additional resources,https://learning.servicenow.com/lxp?id=learning_course_prev&course_id=6e5858a347158bd4b8d109b4f16d43ce,On-demand course,,"2 catalog entries with this title (On-demand course); linked top search result; link found via catalog search, not in blueprint",https://learning.servicenow.com/kb?id=kb_article_view&sysparm_article=KB0011558,2026-09-27
CIS-SP,spec,Exam blueprint,,,https://learning.servicenow.com/kb?id=kb_article_view&sysparm_article=KB0011569,,,KB0011569; blueprint says 'Updated January 2026',https://learning.servicenow.com/kb?id=kb_article_view&sysparm_article=KB0011569,2026-09-27
CIS-SP,credential-path,Credential path page,,,https://learning.servicenow.com/lxp/en/pages/now-learning-get-certified?id=amap_detail&summary_id=79d64e311bfcf01002ed2f89bd4bcb51&achievement_id=4181f10f1bb25890ac0f65b82d4bcb5f,,,"ServiceNow University ""Get Certified"" path",https://learning.servicenow.com/lxp/en/pages/now-learning-get-certified?id=amap_detail&summary_id=79d64e311bfcf01002ed2f89bd4bcb51&achievement_id=4181f10f1bb25890ac0f65b82d4bcb5f,2026-09-27
CIS-SP,domain,Initial Domain Setup and Service Provider Architecture,9%,,,,,System Properties; Domain Map / Company relationships; Architecture and non-domain scenarios – multi-instance; Integrations,https://learning.servicenow.com/kb?id=kb_article_view&sysparm_article=KB0011569,2026-09-27
CIS-SP,domain,Data Separation/Visibility,24%,,,,,sys_domain field; Data flow/ direction; Contains relationship; Visibility groups; Special Considerations,https://learning.servicenow.com/kb?id=kb_article_view&sysparm_article=KB0011569,2026-09-27
CIS-SP,domain,Process Separation,36%,,,,,sys_overrides field; Process/Automation; UI Configuration; Choice Lists; Data-Driven Process,https://learning.servicenow.com/kb?id=kb_article_view&sysparm_article=KB0011569,2026-09-27
CIS-SP,domain,Foundational Data Management,20%,,,,,Imports & Transforms,https://learning.servicenow.com/kb?id=kb_article_view&sysparm_article=KB0011569,2026-09-27
CIS-SP,domain,Domain Support in Applications,11%,,,,,"Domain Support Levels; Service Catalog; Knowledge Management; Mobile; Service Portal; Emerging applications/Other (CSM, ITOM)",https://learning.servicenow.com/kb?id=kb_article_view&sysparm_article=KB0011569,2026-09-27
CIS-SP,doc,ServiceNow Product documentation site,,blueprint,https://docs.servicenow.com/en-US/,,,General docs site; blueprint says exam questions are based on the product documentation,https://learning.servicenow.com/kb?id=kb_article_view&sysparm_article=KB0011569,2026-09-27
CIS-SP,doc,Domain Separation Product Documentation,,blueprint,https://docs.servicenow.com/csh?version=latest&topicname=domain-sep-landing-page.html,,,,https://learning.servicenow.com/kb?id=kb_article_view&sysparm_article=KB0011569,2026-09-27
CIS-SP,doc,Domain separation recommended practices for service providers,,blueprint,https://docs.servicenow.com/csh?version=latest&topicname=bp-domain-sep-recommended.html,,,,https://learning.servicenow.com/kb?id=kb_article_view&sysparm_article=KB0011569,2026-09-27
CIS-SP,exam,Certified Implementation Specialist - Service Provider (CIS-SP),,credential path: step 3,https://learning.servicenow.com/lxp?id=learning_course_prev&course_id=6b55e34647f8b21019dfe23c326d439d,Exam : Pearson Vue,1h 30m,Exam registration page,https://learning.servicenow.com/lxp/en/pages/now-learning-get-certified?id=amap_detail&summary_id=79d64e311bfcf01002ed2f89bd4bcb51&achievement_id=4181f10f1bb25890ac0f65b82d4bcb5f,2026-09-27
CIS-SP,course,Welcome to ServiceNow,,blueprint: recommended; credential path: step 1 (Suggested pre-requisites),https://learning.servicenow.com/lxp?id=learning_course_prev&course_id=86ba4407873e59546a0bedbd0ebb35d5,Choose course option (ILT or on-demand),,,https://learning.servicenow.com/kb?id=kb_article_view&sysparm_article=KB0011569,2026-09-27
CIS-SP,course,ServiceNow Administration Fundamentals,,blueprint: recommended; credential path: step 1 (Suggested pre-requisites),https://learning.servicenow.com/lxp?id=learning_course_prev&course_id=73b2bc7087f52d90f2f443f7dabb3525,Choose course option (ILT or on-demand),,"Credential path name: ""ServiceNow Administration Fundamentals/CSA""",https://learning.servicenow.com/kb?id=kb_article_view&sysparm_article=KB0011569,2026-09-27
CIS-SP,course,Get Started with Now Create,,blueprint: recommended; credential path: step 1 (Suggested pre-requisites),https://learning.servicenow.com/lxp?id=learning_course_prev&course_id=f13a1e8ddb6890503e73166e139619a7,On-demand Course,48m,"Credential path name: ""Get Started with the Now Create Methodology""",https://learning.servicenow.com/kb?id=kb_article_view&sysparm_article=KB0011569,2026-09-27
CIS-SP,course,ServiceNow Platform Implementation,,blueprint: recommended; credential path: step 1 (Suggested pre-requisites),https://learning.servicenow.com/lxp?id=learning_course_prev&course_id=18e2bc7087f52d90f2f443f7dabb352d,Choose course option (ILT or on-demand),,,https://learning.servicenow.com/kb?id=kb_article_view&sysparm_article=KB0011569,2026-09-27
CIS-SP,course,Scripting in ServiceNow Fundamentals,,blueprint: recommended; credential path: step 1 (Suggested pre-requisites),https://learning.servicenow.com/lxp?id=learning_course_prev&course_id=63e230b087f52d90f2f443f7dabb3540,Choose course option (ILT or on-demand),,,https://learning.servicenow.com/kb?id=kb_article_view&sysparm_article=KB0011569,2026-09-27
CIS-SP,course,Domain Separation Basics,,blueprint: recommended; credential path: step 2 (Proceed with recommended specialization courses),https://learning.servicenow.com/lxp?id=learning_course_prev&course_id=cd0045ec93c45a58fb94b4886cba10a0,Choose course option (ILT or on-demand),,,https://learning.servicenow.com/kb?id=kb_article_view&sysparm_article=KB0011569,2026-09-27
CIS-SP,course,Domain Separation Implementation,,blueprint: recommended; credential path: step 2 (Proceed with recommended specialization courses),https://learning.servicenow.com/lxp?id=learning_course_prev&course_id=9c0e1c64934c1a58fb94b4886cba1040,Choose course option (ILT or on-demand),,,https://learning.servicenow.com/kb?id=kb_article_view&sysparm_article=KB0011569,2026-09-27
CIS-SP,course,Service Provider Architecture,,blueprint: recommended; credential path: step 2 (Proceed with recommended specialization courses),https://learning.servicenow.com/lxp?id=learning_course_prev&course_id=51a49442c37479905922751ce0013186,On-demand Course,1h,,https://learning.servicenow.com/kb?id=kb_article_view&sysparm_article=KB0011569,2026-09-27
CIS-SPM,spec,Exam blueprint,,,https://learning.servicenow.com/kb?id=kb_article_view&sysparm_article=KB0011561,,,KB0011561; blueprint says 'Updated January 2026',https://learning.servicenow.com/kb?id=kb_article_view&sysparm_article=KB0011561,2026-09-27
CIS-SPM,credential-path,Credential path page,,,https://learning.servicenow.com/lxp/en/pages/now-learning-get-certified?id=amap_detail&summary_id=79d64e311bfcf01002ed2f89bd4bcb51&achievement_id=d08ed977dbc27f40de3cdb85ca961988,,,"ServiceNow University ""Get Certified"" path",https://learning.servicenow.com/lxp/en/pages/now-learning-get-certified?id=amap_detail&summary_id=79d64e311bfcf01002ed2f89bd4bcb51&achievement_id=d08ed977dbc27f40de3cdb85ca961988,2026-09-27
CIS-SPM,domain,SPM Implementation Overview,2%,,,,,SPM implementation preparation; General configurations; Now Create methodology,https://learning.servicenow.com/kb?id=kb_article_view&sysparm_article=KB0011561,2026-09-27
CIS-SPM,domain,SPM Financials,10%,,,,,Properties and tables; Financial planning; Cost types; Rate types; Expense lines; Rate model,https://learning.servicenow.com/kb?id=kb_article_view&sysparm_article=KB0011561,2026-09-27
CIS-SPM,domain,Resource Management,23%,,,,,"Personas, properties, and roles; Resource Management Workspace; Resource assignments; Planning attributes; Capacity planning; Schedules",https://learning.servicenow.com/kb?id=kb_article_view&sysparm_article=KB0011561,2026-09-27
CIS-SPM,domain,Idea and Demand,18%,,,,,Roles and tables; Idea Portal; States; Innovation Management integration with Universal Request; Idea and demand conversion; Demand form; Demand Workbench; Defining stakeholders; Assessments,https://learning.servicenow.com/kb?id=kb_article_view&sysparm_article=KB0011561,2026-09-27
CIS-SPM,domain,Project Management,30%,,,,,"Properties, roles, and tables; Project Workspace; States; Subprojects; Tasks; Relationships (tasks and dependencies); Project templates; Importing projects; RIDAC; Baselines; Status reports; Schedules; Diagnostics",https://learning.servicenow.com/kb?id=kb_article_view&sysparm_article=KB0011561,2026-09-27
CIS-SPM,domain,Timecard Management,5%,,,,,"Plugins, roles, and tables; Categories; Policies; Rate types",https://learning.servicenow.com/kb?id=kb_article_view&sysparm_article=KB0011561,2026-09-27
CIS-SPM,domain,Portfolio Planning Workspace,8%,,,,,"Plugins, roles, tables, and properties; Portfolio Planning Workspace; Lenses; Planning items; Display limits; Integrating Portfolio Planning with PPM; Scenario Planning",https://learning.servicenow.com/kb?id=kb_article_view&sysparm_article=KB0011561,2026-09-27
CIS-SPM,domain,SPM Platform Analytics & Dashboards,2%,,,,,Platform Analytics; Dashboards,https://learning.servicenow.com/kb?id=kb_article_view&sysparm_article=KB0011561,2026-09-27
CIS-SPM,domain,SPM Better Together,2%,,,,,ServiceNow applications that integrate with SPM,https://learning.servicenow.com/kb?id=kb_article_view&sysparm_article=KB0011561,2026-09-27
CIS-SPM,doc,ServiceNow Product documentation site,,blueprint,https://docs.servicenow.com/en-US/,,,General docs site; blueprint says exam questions are based on the product documentation,https://learning.servicenow.com/kb?id=kb_article_view&sysparm_article=KB0011561,2026-09-27
CIS-SPM,exam,Certified Implementation Specialist - Strategic Portfolio Management (CIS-SPM),,credential path: step 3,https://learning.servicenow.com/lxp?id=learning_course_prev&course_id=38f6a30a47f8b21019dfe23c326d43f4,Exam : Pearson Vue,1h 30m,Exam registration page,https://learning.servicenow.com/lxp/en/pages/now-learning-get-certified?id=amap_detail&summary_id=79d64e311bfcf01002ed2f89bd4bcb51&achievement_id=d08ed977dbc27f40de3cdb85ca961988,2026-09-27
CIS-SPM,course,Welcome to ServiceNow,,blueprint: recommended; credential path: step 1 (Suggested pre-requisites),https://learning.servicenow.com/lxp?id=learning_course_prev&course_id=0839c00b87fa59546a0bedbd0ebb352b,Choose course option (ILT or on-demand),,,https://learning.servicenow.com/kb?id=kb_article_view&sysparm_article=KB0011561,2026-09-27
CIS-SPM,course,ServiceNow Administration Fundamentals,,blueprint: recommended; credential path: step 1 (Suggested pre-requisites),https://learning.servicenow.com/lxp?id=learning_course_prev&course_id=52b5125087f9a19071a687f7dabb35ee,Choose course option (ILT or on-demand),,"Credential path name: ""ServiceNow Administration Fundamentals/CSA""",https://learning.servicenow.com/kb?id=kb_article_view&sysparm_article=KB0011561,2026-09-27
CIS-SPM,course,Get Started with Now Create (On Demand),,blueprint: recommended; credential path: step 1 (Suggested pre-requisites),https://learning.servicenow.com/lxp?id=learning_course_prev&course_id=f13a1e8ddb6890503e73166e139619a7,On-demand Course,48m,"Credential path name: ""Get Started with the Now Create Methodology""",https://learning.servicenow.com/kb?id=kb_article_view&sysparm_article=KB0011561,2026-09-27
CIS-SPM,course,ServiceNow Platform Implementation,,blueprint: recommended; credential path: step 1 (Suggested pre-requisites),https://learning.servicenow.com/lxp?id=learning_course_prev&course_id=73d55a9087f9a19071a687f7dabb35b8,Choose course option (ILT or on-demand),,,https://learning.servicenow.com/kb?id=kb_article_view&sysparm_article=KB0011561,2026-09-27
CIS-SPM,course,Strategic Portfolio Management (SPM) Fundamentals,,blueprint: recommended; credential path: step 2 (Proceed with recommended specialization courses),https://learning.servicenow.com/lxp?id=learning_course_prev&course_id=a4065ad087f9a19071a687f7dabb3507,Choose course option (ILT or on-demand),,,https://learning.servicenow.com/kb?id=kb_article_view&sysparm_article=KB0011561,2026-09-27
CIS-SPM,course,Strategic Portfolio Management (SPM) Implementation,,blueprint: recommended; credential path: step 2 (Proceed with recommended specialization courses),https://learning.servicenow.com/lxp?id=learning_course_prev&course_id=a426521487f9a19071a687f7dabb3590,Choose course option (ILT or on-demand),,,https://learning.servicenow.com/kb?id=kb_article_view&sysparm_article=KB0011561,2026-09-27
CIS-TPRM,spec,Exam blueprint,,,https://learning.servicenow.com/kb?id=kb_article_view&sysparm_article=KB0011556,,,KB0011556; blueprint says 'Updated January 2026',https://learning.servicenow.com/kb?id=kb_article_view&sysparm_article=KB0011556,2026-09-27
CIS-TPRM,credential-path,Credential path page,,,https://learning.servicenow.com/lxp/en/pages/now-learning-get-certified?id=amap_detail&summary_id=79d64e311bfcf01002ed2f89bd4bcb51&achievement_id=148e1d77dbc27f40de3cdb85ca961924,,,"ServiceNow University ""Get Certified"" path",https://learning.servicenow.com/lxp/en/pages/now-learning-get-certified?id=amap_detail&summary_id=79d64e311bfcf01002ed2f89bd4bcb51&achievement_id=148e1d77dbc27f40de3cdb85ca961924,2026-09-27
CIS-TPRM,domain,Third-party Risk Management Fundamentals and Third-party Risk Management Review,23%,,,,,About Third-party Risk Management; Third-party Risk Management Process; Technical Details,https://learning.servicenow.com/kb?id=kb_article_view&sysparm_article=KB0011556,2026-09-27
CIS-TPRM,domain,Core Configuration,14%,,,,,Third-party Portfolio Configuration; Third-party Contacts Configuration; Third-party Risk Intelligence Scoring Configuration,https://learning.servicenow.com/kb?id=kb_article_view&sysparm_article=KB0011556,2026-09-27
CIS-TPRM,domain,Assessment Configuration,33%,,,,,Assessment Basics/Due Diligence Requests; Third-party IRQ (Tiering) and Due Diligence Configuration; Risk Assessment Configuration; Risk Assessment Generation; Risk Assessment Calculations; Assessment Lifecycle,https://learning.servicenow.com/kb?id=kb_article_view&sysparm_article=KB0011556,2026-09-27
CIS-TPRM,domain,Third-party Portal,12%,,,,,Third-party Portal Configuration,https://learning.servicenow.com/kb?id=kb_article_view&sysparm_article=KB0011556,2026-09-27
CIS-TPRM,domain,Third-party Supporting Processes,12%,,,,,IRQ Approval; Third-party Risk Issues Approval; Third-party Risk Process Workflows,https://learning.servicenow.com/kb?id=kb_article_view&sysparm_article=KB0011556,2026-09-27
CIS-TPRM,domain,Other Application Relationships,6%,,,,,ServiceNow GRC Overview; Monitor Risk and Control Compliance; Other Application Relationships,https://learning.servicenow.com/kb?id=kb_article_view&sysparm_article=KB0011556,2026-09-27
CIS-TPRM,doc,ServiceNow Product documentation site,,blueprint,https://docs.servicenow.com/en-US/,,,General docs site; blueprint says exam questions are based on the product documentation,https://learning.servicenow.com/kb?id=kb_article_view&sysparm_article=KB0011556,2026-09-27
CIS-TPRM,exam,Certified Implementation Specialist - Third-party Risk Management (CIS-TPRM),,credential path: step 3,https://learning.servicenow.com/lxp?id=learning_course_prev&course_id=5977eb0a47f8b21019dfe23c326d4308,Exam : Pearson Vue,1h 30m,Exam registration page,https://learning.servicenow.com/lxp/en/pages/now-learning-get-certified?id=amap_detail&summary_id=79d64e311bfcf01002ed2f89bd4bcb51&achievement_id=148e1d77dbc27f40de3cdb85ca961924,2026-09-27
CIS-TPRM,course,Welcome to ServiceNow,,blueprint: recommended; credential path: step 1 (Suggested pre-requisites),https://learning.servicenow.com/lxp?id=learning_course_prev&course_id=986b484b873e59546a0bedbd0ebb35cf,Choose course option (ILT or on-demand),,,https://learning.servicenow.com/kb?id=kb_article_view&sysparm_article=KB0011556,2026-09-27
CIS-TPRM,course,ServiceNow Administration Fundamentals,,blueprint: recommended; credential path: step 1 (Suggested pre-requisites),https://learning.servicenow.com/lxp?id=learning_course_prev&course_id=212b704d877121d0f2f443f7dabb3507,Choose course option (ILT or on-demand),,"Credential path name: ""ServiceNow Administration Fundamentals/CSA""",https://learning.servicenow.com/kb?id=kb_article_view&sysparm_article=KB0011556,2026-09-27
CIS-TPRM,course,System Administration Advanced,,blueprint: recommended; credential path: step 1 (Suggested pre-requisites),https://learning.servicenow.com/lxp?id=learning_course_prev&course_id=343bf04d877121d0f2f443f7dabb354d,Choose course option (ILT or on-demand),,"Credential path name: ""ServiceNow Administration Advanced RETIRED""; marked RETIRED on credential path",https://learning.servicenow.com/kb?id=kb_article_view&sysparm_article=KB0011556,2026-09-27
CIS-TPRM,course,UI Builder Fundamentals,,blueprint: recommended; credential path: step 1 (Suggested pre-requisites),https://learning.servicenow.com/lxp?id=learning_course_prev&course_id=2f449bc4c3bead101ac0f60f0501314a,Choose course option (ILT or on-demand),,,https://learning.servicenow.com/kb?id=kb_article_view&sysparm_article=KB0011556,2026-09-27
CIS-TPRM,course,Flow Designer Fundamentals,,blueprint: recommended,,,,No exact match in ServiceNow University catalog search; blueprint gives no link,https://learning.servicenow.com/kb?id=kb_article_view&sysparm_article=KB0011556,2026-09-27
CIS-TPRM,course,Get Started with Now Create,,blueprint: recommended; credential path: step 1 (Suggested pre-requisites),https://learning.servicenow.com/lxp?id=learning_course_prev&course_id=f13a1e8ddb6890503e73166e139619a7,On-demand Course,48m,"Credential path name: ""Get Started with the Now Create Methodology""",https://learning.servicenow.com/kb?id=kb_article_view&sysparm_article=KB0011556,2026-09-27
CIS-TPRM,course,ServiceNow Platform Implementation,,blueprint: recommended; credential path: step 1 (Suggested pre-requisites),https://learning.servicenow.com/lxp?id=learning_course_prev&course_id=567b348d877121d0f2f443f7dabb3529,Choose course option (ILT or on-demand),,,https://learning.servicenow.com/kb?id=kb_article_view&sysparm_article=KB0011556,2026-09-27
CIS-TPRM,course,GRC: Third-party Risk Management (TPRM) Fundamentals,,blueprint: recommended; credential path: step 2 (Proceed with recommended specialization courses),https://learning.servicenow.com/lxp?id=learning_course_prev&course_id=8a98cc8247327a909844c1c4f16d436d,Choose course option (ILT or on-demand),,"Credential path name: ""GRC: Third-party Risk Management (TPRM) Fundamentals - Equivalency""",https://learning.servicenow.com/kb?id=kb_article_view&sysparm_article=KB0011556,2026-09-27
CIS-TPRM,course,GRC: Third-party Risk Management (TPRM) Implementation,,blueprint: recommended; credential path: step 2 (Proceed with recommended specialization courses),https://learning.servicenow.com/lxp?id=learning_course_prev&course_id=2cb848c247327a909844c1c4f16d4332,Choose course option (ILT or on-demand),,,https://learning.servicenow.com/kb?id=kb_article_view&sysparm_article=KB0011556,2026-09-27
CIS-TPRM,course,GRC: Third-party Risk Management (TPRM) Implementation Simulator,,blueprint: recommended; credential path: step 2 (Proceed with recommended specialization courses),https://learning.servicenow.com/lxp?id=learning_course_prev&course_id=4fdc83bbc3f72e58e5533b877d01314d,On-demand Course,4h 20m,"Credential path name: ""GRC: Third-party Risk Management (TPRM) Implementation Simulator (Zurich)""",https://learning.servicenow.com/kb?id=kb_article_view&sysparm_article=KB0011556,2026-09-27
CIS-TPRM,course,Certified Implementation Specialist - Third-Party Risk Management (CIS-TPRM) Delta Exam Study Guide,,blueprint: recommended; credential path: step 2 (Proceed with recommended specialization courses),https://learning.servicenow.com/lxp?id=learning_course_prev&course_id=080f6b8bdb1605d072b7826305961943,On-demand Course,1h,"Credential path name: ""Certified Implementation Specialist (CIS) – Third-party Risk Management (TPRM) Exam Study Guide""",https://learning.servicenow.com/kb?id=kb_article_view&sysparm_article=KB0011556,2026-09-27
CIS-TPRM,course,Platform Analytics Workspace,,blueprint: additional resources,,,,No exact match in ServiceNow University catalog search; blueprint gives no link,https://learning.servicenow.com/kb?id=kb_article_view&sysparm_article=KB0011556,2026-09-27
CIS-TPRM,course,Service Portal Fundamentals,,blueprint: additional resources,https://learning.servicenow.com/lxp?id=learning_course_prev&course_id=c28b427997f903902192b37de053af72,On-demand course,,"catalog title: ""Service Portal Fundamentals (Australia)""; 2 catalog entries with this title (Instructor-led course, On-demand course); linked top search result; link found via catalog search, not in blueprint",https://learning.servicenow.com/kb?id=kb_article_view&sysparm_article=KB0011556,2026-09-27
CIS-TPRM,course,Automated Test Framework Fundamentals,,blueprint: additional resources,,,,No exact match in ServiceNow University catalog search; blueprint gives no link,https://learning.servicenow.com/kb?id=kb_article_view&sysparm_article=KB0011556,2026-09-27
CIS-TPRM,course,Knowledge Management Fundamentals,,blueprint: additional resources,,,,No exact match in ServiceNow University catalog search; blueprint gives no link,https://learning.servicenow.com/kb?id=kb_article_view&sysparm_article=KB0011556,2026-09-27
CIS-TPRM,course,Flow Fundamentals,,credential path: step 1 (Suggested pre-requisites),https://learning.servicenow.com/lxp?id=learning_course_prev&course_id=f9c49748c3bead101ac0f60f050131b5,Badge,,,https://learning.servicenow.com/lxp/en/pages/now-learning-get-certified?id=amap_detail&summary_id=79d64e311bfcf01002ed2f89bd4bcb51&achievement_id=148e1d77dbc27f40de3cdb85ca961924,2026-09-27
CIS-VR,spec,Exam blueprint,,,https://learning.servicenow.com/kb?id=kb_article_view&sysparm_article=KB0011555,,,KB0011555; blueprint says 'Updated November 2025',https://learning.servicenow.com/kb?id=kb_article_view&sysparm_article=KB0011555,2026-09-27
CIS-VR,credential-path,Credential path page,,,https://learning.servicenow.com/lxp/en/pages/now-learning-get-certified?id=amap_detail&summary_id=79d64e311bfcf01002ed2f89bd4bcb51&achievement_id=588e1d77dbc27f40de3cdb85ca96192b,,,"ServiceNow University ""Get Certified"" path",https://learning.servicenow.com/lxp/en/pages/now-learning-get-certified?id=amap_detail&summary_id=79d64e311bfcf01002ed2f89bd4bcb51&achievement_id=588e1d77dbc27f40de3cdb85ca96192b,2026-09-27
CIS-VR,prerequisite-certification,Certified Implementation Specialist – Data Foundations (CMDB and CSDM),,blueprint: Exam Prerequisites; credential path: step 2 (Complete the recommended Data Foundations training and earn the required certification),,,,Must hold before registering for this exam,https://learning.servicenow.com/kb?id=kb_article_view&sysparm_article=KB0011555,2026-09-27
CIS-VR,domain,Vulnerability Response Applications and Modules,25%,,,,,About ServiceNow Security Operations; Introduction Vulnerability Response; Vulnerability Response with the ServiceNow Platform; Exploring Application Vulnerability Response; Exploring Container Vulnerability Response,https://learning.servicenow.com/kb?id=kb_article_view&sysparm_article=KB0011555,2026-09-27
CIS-VR,domain,Getting Data into Vulnerability Response,25%,,,,,Definition of Vulnerabilities and Vulnerable Items; Integrating with Vulnerability Scanners and Other Data Sources; Application and Container VR integrations; Vulnerability Solution and Enrichment management,https://learning.servicenow.com/kb?id=kb_article_view&sysparm_article=KB0011555,2026-09-27
CIS-VR,domain,Tools to Manage Vulnerability Response,23%,,,,,"Vulnerability Workspaces; Classification Rules, Assignment Rules, Remediation Task Rules; Remediation Target Rules, Vulnerability Calculators",https://learning.servicenow.com/kb?id=kb_article_view&sysparm_article=KB0011555,2026-09-27
CIS-VR,domain,Automating Vulnerability Response,20%,,,,,Handling Vulnerability Exception and False Positives; Using Workflows for Process Automation; Vulnerability Close-Out,https://learning.servicenow.com/kb?id=kb_article_view&sysparm_article=KB0011555,2026-09-27
CIS-VR,domain,Vulnerability Response Dashboards and Reports,7%,,,,,Data Visualization Overview: Dashboards and Reporting; Performance Analytics,https://learning.servicenow.com/kb?id=kb_article_view&sysparm_article=KB0011555,2026-09-27
CIS-VR,doc,ServiceNow Product documentation site,,blueprint,https://www.servicenow.com/docs/bundle/xanadu-release-notes/page/release-notes/family-release-notes.html,,,Link as published points at the Xanadu release docs,https://learning.servicenow.com/kb?id=kb_article_view&sysparm_article=KB0011555,2026-09-27
CIS-VR,doc,ServiceNow Vulnerability Response - ServiceNow Docs,,blueprint,https://www.servicenow.com/docs/bundle/xanadu-security-management/page/product/vulnerability-response/reference/vuln-landing-page.html,,,Link as published points at the Xanadu release docs,https://learning.servicenow.com/kb?id=kb_article_view&sysparm_article=KB0011555,2026-09-27
CIS-VR,doc,Xanadu Security Operations Documentation,,blueprint,https://www.servicenow.com/docs/bundle/xanadu-release-notes/page/release-notes/security-operations/security-operations-rn-landing.html,,,Link as published points at the Xanadu release docs,https://learning.servicenow.com/kb?id=kb_article_view&sysparm_article=KB0011555,2026-09-27
CIS-VR,doc,Xanadu Vulnerability Response Documentation,,blueprint,https://www.servicenow.com/docs/bundle/xanadu-security-management/page/product/vulnerability-response/reference/vuln-landing-page.html,,,Link as published points at the Xanadu release docs,https://learning.servicenow.com/kb?id=kb_article_view&sysparm_article=KB0011555,2026-09-27
CIS-VR,doc,Vulnerability Response Store release notes,,blueprint,https://www.servicenow.com/docs/bundle/store-release-notes/page/release-notes/store/security-operations/store-secops-rn-vulnerability-response.html,,,,https://learning.servicenow.com/kb?id=kb_article_view&sysparm_article=KB0011555,2026-09-27
CIS-VR,other-resource,Security Operations Community Forum,,blueprint: additional resources,https://community.servicenow.com/community?id=community_forum&sys_id=be299a2ddbd897c068c1fb651f9619bb,,,,https://learning.servicenow.com/kb?id=kb_article_view&sysparm_article=KB0011555,2026-09-27
CIS-VR,exam,Certified Implementation Specialist - Vulnerability Response (CIS-VR),,credential path: step 4,https://learning.servicenow.com/lxp?id=learning_course_prev&course_id=a808a34a47f8b21019dfe23c326d43d9,Exam : Pearson Vue,1h 30m,Exam registration page,https://learning.servicenow.com/lxp/en/pages/now-learning-get-certified?id=amap_detail&summary_id=79d64e311bfcf01002ed2f89bd4bcb51&achievement_id=588e1d77dbc27f40de3cdb85ca96192b,2026-09-27
CIS-VR,course,Welcome to ServiceNow,,blueprint: recommended; credential path: step 1 (Suggested pre-requisites),https://learning.servicenow.com/lxp?id=learning_course_prev&course_id=e8bb4c0f873e59546a0bedbd0ebb351c,Choose course option (ILT or on-demand),,,https://learning.servicenow.com/kb?id=kb_article_view&sysparm_article=KB0011555,2026-09-27
CIS-VR,course,ServiceNow Administration Fundamentals,,blueprint: recommended; credential path: step 1 (Suggested pre-requisites),https://learning.servicenow.com/lxp?id=learning_course_prev&course_id=2e0a3889877121d0f2f443f7dabb35de,Choose course option (ILT or on-demand),,"Credential path name: ""ServiceNow Administration Fundamentals/CSA""",https://learning.servicenow.com/kb?id=kb_article_view&sysparm_article=KB0011555,2026-09-27
CIS-VR,course,ServiceNow Administration Advanced,,blueprint: recommended,https://learning.servicenow.com/lxp?id=learning_course_prev&course_id=5b8cd5f447776a9c850ec705f16d4354,On-demand course,,"3 catalog entries with this title (Instructor-led course, On-demand course); linked top search result; link found via catalog search, not in blueprint",https://learning.servicenow.com/kb?id=kb_article_view&sysparm_article=KB0011555,2026-09-27
CIS-VR,course,Automated Test Framework Fundamentals,,blueprint: recommended,,,,No exact match in ServiceNow University catalog search; blueprint gives no link,https://learning.servicenow.com/kb?id=kb_article_view&sysparm_article=KB0011555,2026-09-27
CIS-VR,course,Flow Designer Essentials,,blueprint: recommended,,,,No exact match in ServiceNow University catalog search; blueprint gives no link,https://learning.servicenow.com/kb?id=kb_article_view&sysparm_article=KB0011555,2026-09-27
CIS-VR,course,Common Service Data Model Fundamentals,,blueprint: recommended,,,,No exact match in ServiceNow University catalog search; blueprint gives no link,https://learning.servicenow.com/kb?id=kb_article_view&sysparm_article=KB0011555,2026-09-27
CIS-VR,course,Configuration Management Database Fundamentals,,blueprint: recommended,https://learning.servicenow.com/lxp?id=learning_course_prev&course_id=2ad9219297d24f10f6913ce0f053afbb,On-demand course,,"catalog title: ""Configuration Management Database (CMDB) Fundamentals""; 2 catalog entries with this title (Instructor-led course, On-demand course); linked top search result; link found via catalog search, not in blueprint",https://learning.servicenow.com/kb?id=kb_article_view&sysparm_article=KB0011555,2026-09-27
CIS-VR,course,Now Experience UI Builder Fundamentals,,blueprint: recommended,,,,No exact match in ServiceNow University catalog search; blueprint gives no link,https://learning.servicenow.com/kb?id=kb_article_view&sysparm_article=KB0011555,2026-09-27
CIS-VR,course,Scripting in ServiceNow Fundamentals,,blueprint: recommended,https://learning.servicenow.com/lxp?id=learning_course_prev&course_id=be18563893873a98f2d9bc686cba106e,On-demand course,,"3 catalog entries with this title (Instructor-led course, On-demand course); linked top search result; link found via catalog search, not in blueprint",https://learning.servicenow.com/kb?id=kb_article_view&sysparm_article=KB0011555,2026-09-27
CIS-VR,course,Configuration Compliance Essentials,,blueprint: recommended,https://learning.servicenow.com/lxp?id=learning_course_prev&course_id=6e81b91f87142214cfa68519dabb35b4,On-demand course,,"link found via catalog search, not in blueprint",https://learning.servicenow.com/kb?id=kb_article_view&sysparm_article=KB0011555,2026-09-27
CIS-VR,course,Vulnerability Response Learning Bytes,,blueprint: recommended,,,,No exact match in ServiceNow University catalog search; blueprint gives no link,https://learning.servicenow.com/kb?id=kb_article_view&sysparm_article=KB0011555,2026-09-27
CIS-VR,course,Security Operations Fundamentals,,blueprint: recommended; credential path: step 3 (Proceed with recommended specialization courses),https://learning.servicenow.com/lxp?id=learning_course_prev&course_id=924a74c9877121d0f2f443f7dabb356a,Choose course option (ILT or on-demand),,"Credential path name: ""Security Operations (SecOps) Fundamentals""",https://learning.servicenow.com/kb?id=kb_article_view&sysparm_article=KB0011555,2026-09-27
CIS-VR,course,Vulnerability Response Implementation,,blueprint: recommended; credential path: step 3 (Proceed with recommended specialization courses),https://learning.servicenow.com/lxp?id=learning_course_prev&course_id=075af4c9877121d0f2f443f7dabb3585,Choose course option (ILT or on-demand),,,https://learning.servicenow.com/kb?id=kb_article_view&sysparm_article=KB0011555,2026-09-27
CIS-VR,course,Get Started with the Now Create Methodology,,credential path: step 1 (Suggested pre-requisites),https://learning.servicenow.com/lxp?id=learning_course_prev&course_id=f13a1e8ddb6890503e73166e139619a7,On-demand Course,48m,,https://learning.servicenow.com/lxp/en/pages/now-learning-get-certified?id=amap_detail&summary_id=79d64e311bfcf01002ed2f89bd4bcb51&achievement_id=588e1d77dbc27f40de3cdb85ca96192b,2026-09-27
CIS-VR,course,ServiceNow Platform Implementation,,credential path: step 1 (Suggested pre-requisites),https://learning.servicenow.com/lxp?id=learning_course_prev&course_id=ad2abc89877121d0f2f443f7dabb354f,Choose course option (ILT or on-demand),,,https://learning.servicenow.com/lxp/en/pages/now-learning-get-certified?id=amap_detail&summary_id=79d64e311bfcf01002ed2f89bd4bcb51&achievement_id=588e1d77dbc27f40de3cdb85ca96192b,2026-09-27
